[
	{
		"json_featuretype" : "BOS_I_3 3D Model Collection Issued: 20210806",
		"Name" : "Portside at Pier 1",
		"StructType" : "Building",
		"Project_Id" : 239,
		"ProjectLnk" : "http://www.bostonplans.org/projects/development-projects/Portside-at-Pier-1",
		"Status" : "Current",
		"Appear_Dt" : "20050324",
		"Appear_Src" : "BPDA Board Approved",
		"Disapp_Dt" : null,
		"Disapp_Src" : null,
		"Editor" : "pbcGIS",
		"Edit_Dt" : "20170824",
		"EditAction" : "Added model from UDTG",
		"Model_ID" : "BOS_9LF796P",
		"Model_Cred" : "BPDA Urban Design Technology Group",
		"ModelBatch" : "bpda_20170801\\3DNewBuildingin3ds",
		"Model_File" : "Portside-at-Pier-1-Phase-1-EB",
		"Model_Dt" : "20170809",
		"Model_Note" : null,
		"Model_LOD" : 3,
		"Survey_Dt" : "20050324",
		"Survey_Src" : "Modeled from drawings",
		"Centr_Lat" : 42.3668825531,
		"Centr_Lon" : -71.0407712669,
		"Gnd_El_Ft" : 6.56,
		"Z_Max_Ft" : 98.4999338333,
		"Z_MIn_Ft" : 5.00012083334,
		"Height_Ft" : 91.9399338333,
		"Tile_ID" : "BOS_I_3",
		"Parcel_ID" : "0104447000",
		"Struct_ID" : null,
		"StructUse" : null,
		"GoogleLnk" : "https://www.google.com/maps/search//@42.364882553116495,-71.0407712684371,263a,35y,39.46t/data=!3m1!1e3",
		"NearMapLnk" : "https://apps.nearmap.com/maps/#/@42.3668825531165,-71.0407712684371,21.00z,1d/3D",
		"Struct_Lnk" : null,
		"Parcel_Lnk" : "https://app01.cityofboston.gov/AssessingMap/?find=0104447000",
		"RecInitUsr" : "PBCOTE",
		"RecInitDt" : "20210809",
		"fme_feature_type" : "bos3d_models",
		"QA_Flag" : null,
		"QA_Issue" : null,
		"RecModUsr" : "PBCOTE",
		"RecModDt" : "20210809",
		"Centr_X_Ft" : 49170.1071097,
		"Centr_Y_Ft" : 56152.2575987
	}
]