[
	{
		"json_featuretype" : "BOS_I_3 3D Model Collection Issued: 20210806",
		"Name" : null,
		"StructType" : "Building",
		"Project_Id" : 0,
		"ProjectLnk" : null,
		"Status" : "Demolished",
		"Appear_Dt" : "18990101",
		"Appear_Src" : "Boston Assessor, 2018",
		"Disapp_Dt" : "20180622",
		"Disapp_Src" : "Per Google Oblique",
		"Editor" : "pbcGIS",
		"Edit_Dt" : "20170909",
		"EditAction" : "Inserted multipatches based on extruded  Bos3d_Building_Poly",
		"Model_ID" : "BOS_VBUPWFW",
		"Model_Cred" : null,
		"ModelBatch" : "9/9/2017",
		"Model_File" : "Bos3dBase.gdb/Bos3d_Buildings_Poly",
		"Model_Dt" : "20170909",
		"Model_Note" : null,
		"Model_LOD" : 1,
		"Survey_Dt" : "20110401",
		"Survey_Src" : "Photogrammetry by Infotech, 2011",
		"Centr_Lat" : 42.3679371,
		"Centr_Lon" : -71.038460895,
		"Gnd_El_Ft" : 6.56,
		"Z_Max_Ft" : 34.5000618333,
		"Z_MIn_Ft" : 8.00011483334,
		"Height_Ft" : 27.9400618333,
		"Tile_ID" : "BOS_I_3",
		"Parcel_ID" : "0105383000",
		"Struct_ID" : null,
		"StructUse" : "I",
		"GoogleLnk" : "https://www.google.com/maps/search//@42.365937100154,-71.0384608946003,263a,35y,39.46t/data=!3m1!1e3",
		"NearMapLnk" : "https://apps.nearmap.com/maps/#/@42.367937100154,-71.0384608946003,21.00z,1d/3D",
		"Struct_Lnk" : null,
		"Parcel_Lnk" : "https://app01.cityofboston.gov/AssessingMap/?find=0105383000",
		"RecInitUsr" : "PBCOTE",
		"RecInitDt" : "20210809",
		"fme_feature_type" : "bos3d_models",
		"QA_Flag" : null,
		"QA_Issue" : null,
		"RecModUsr" : "PBCOTE",
		"RecModDt" : "20210809",
		"Centr_X_Ft" : 49792.3833205,
		"Centr_Y_Ft" : 56539.9251087
	}
]