[
	{
		"json_featuretype" : "BOS_G_2 3D Model Collection Issued: 20210719",
		"Name" : "655 655A MYSTIC AV",
		"StructType" : "Building",
		"Project_Id" : 0,
		"Status" : "Current",
		"Editor" : "pbcGIS",
		"Edit_Dt" : "20170909",
		"EditAction" : "Inserted multipatches based on extruded  Bos3d_Building_Poly",
		"Model_ID" : "BOS_4DFOYPH",
		"Model_Cred" : "Extruded from 2012 Photogrammetric Footprints and DTM by pbcGIS.",
		"ModelBatch" : "GIS Sources",
		"Model_File" : "Bos3dBase.gdb/Bos3d_Buildings_Poly",
		"Model_Dt" : "20170909",
		"Model_LOD" : 1,
		"Survey_Dt" : "20110401",
		"Survey_Src" : "Photogrammetry by Infotech, 2011",
		"Centr_Lat" : 42.3860623627,
		"Centr_Lon" : -71.076354029,
		"Gnd_El_Ft" : 29.52,
		"Z_Max_Ft" : 34.5000618333,
		"Z_MIn_Ft" : 21.5000878333,
		"Height_Ft" : 4.98006183334,
		"Tile_ID" : "BOS_G_2",
		"Parcel_ID" : "0201855000",
		"GoogleLnk" : "https://www.google.com/maps/search//@42.384062362746896,-71.0763540289764,263a,35y,39.46t/data=!3m1!1e3",
		"NearMapLnk" : "https://apps.nearmap.com/maps/#/@42.3860623627469,-71.0763540289764,21.00z,1d/3D",
		"Parcel_Lnk" : "https://app01.cityofboston.gov/AssessingMap/?find=0201855000"
	}
]