[
	{
		"json_featuretype" : "BOS_G_2 3D Model Collection Issued: 20210719",
		"Name" : "10 -14 DORRANCE ST",
		"StructType" : "Building",
		"Project_Id" : 0,
		"Status" : "Current",
		"Appear_Dt" : "19700101",
		"Appear_Src" : "Boston Assessor, 2018",
		"Editor" : "pbcGIS",
		"Edit_Dt" : "20170909",
		"EditAction" : "Inserted multipatches based on extruded  Bos3d_Building_Poly",
		"Model_ID" : "BOS_J5AMWHC",
		"Model_Cred" : "Extruded from 2012 Photogrammetric Footprints and DTM by pbcGIS.",
		"ModelBatch" : "GIS Sources",
		"Model_File" : "Bos3dBase.gdb/Bos3d_Buildings_Poly",
		"Model_Dt" : "20170909",
		"Model_LOD" : 1,
		"Survey_Dt" : "20110401",
		"Survey_Src" : "Photogrammetry by Infotech, 2011",
		"Centr_Lat" : 42.386528934,
		"Centr_Lon" : -71.0757264766,
		"Gnd_El_Ft" : 20.9857230942,
		"Z_Max_Ft" : 37.5000558333,
		"Z_MIn_Ft" : 18.0000948333,
		"Height_Ft" : 16.5143327391,
		"Tile_ID" : "BOS_G_2",
		"Parcel_ID" : "0201852001",
		"GoogleLnk" : "https://www.google.com/maps/search//@42.3845289340166,-71.0757264766399,263a,35y,39.46t/data=!3m1!1e3",
		"NearMapLnk" : "https://apps.nearmap.com/maps/#/@42.3865289340166,-71.0757264766399,21.00z,1d/3D",
		"Parcel_Lnk" : "https://app01.cityofboston.gov/AssessingMap/?find=0201852001"
	}
]