[
	{
		"json_featuretype" : "BOS_I_3 3D Model Collection Issued: 20210806",
		"Name" : null,
		"StructType" : "Building",
		"Project_Id" : 0,
		"ProjectLnk" : null,
		"Status" : "Modified",
		"Appear_Dt" : "19200101",
		"Appear_Src" : "Boston Assessor, 2018",
		"Disapp_Dt" : "20200101",
		"Disapp_Src" : null,
		"Editor" : "pbcGIS",
		"Edit_Dt" : "20190903",
		"EditAction" : "Split",
		"Model_ID" : "BOS_29RKPBG",
		"Model_Cred" : null,
		"ModelBatch" : "9/9/2017",
		"Model_File" : "Bos3dBase.gdb/Bos3d_Buildings_Poly",
		"Model_Dt" : "20170909",
		"Model_Note" : null,
		"Model_LOD" : 1,
		"Survey_Dt" : "20110401",
		"Survey_Src" : "Photogrammetry by Infotech, 2011",
		"Centr_Lat" : 42.3734148936,
		"Centr_Lon" : -71.0404143212,
		"Gnd_El_Ft" : 9.84,
		"Z_Max_Ft" : 29.5000718333,
		"Z_MIn_Ft" : 5.00012083334,
		"Height_Ft" : 19.6600718333,
		"Tile_ID" : "BOS_I_3",
		"Parcel_ID" : "0105426000",
		"Struct_ID" : null,
		"StructUse" : "I",
		"GoogleLnk" : "https://www.google.com/maps/search//@42.3714148940117,-71.0404143216714,263a,35y,39.46t/data=!3m1!1e3",
		"NearMapLnk" : "https://apps.nearmap.com/maps/#/@42.3734148940117,-71.0404143216714,21.00z,1d/3D",
		"Struct_Lnk" : null,
		"Parcel_Lnk" : "https://app01.cityofboston.gov/AssessingMap/?find=0105426000",
		"RecInitUsr" : "PBCOTE",
		"RecInitDt" : "20210809",
		"fme_feature_type" : "bos3d_models",
		"QA_Flag" : null,
		"QA_Issue" : null,
		"RecModUsr" : "PBCOTE",
		"RecModDt" : "20210809",
		"Centr_X_Ft" : 49253.7421915,
		"Centr_Y_Ft" : 58533.2917433
	}
]