[
	{
		"json_featuretype" : "BOS_I_3 3D Model Collection Issued: 20210806",
		"Name" : "277 Border Street",
		"StructType" : "Building",
		"Project_Id" : 3151,
		"ProjectLnk" : "http://www.bostonplans.org/projects/development-projects/277-Border-Street",
		"Status" : "Under Construction",
		"Appear_Dt" : "20210628",
		"Appear_Src" : "Nearmap",
		"Disapp_Dt" : null,
		"Disapp_Src" : null,
		"Editor" : "pbc",
		"Edit_Dt" : "20210805",
		"EditAction" : "Updated Status",
		"Model_ID" : "BOS_7BXNPD1",
		"Model_Cred" : "BPDA_UDTG",
		"ModelBatch" : "bpda_20200514\\3D models in 3ds\\December-2018",
		"Model_File" : "277-Border-St-EB-2018-PID-3151.3DS",
		"Model_Dt" : "20181201",
		"Model_Note" : null,
		"Model_LOD" : 3,
		"Survey_Dt" : null,
		"Survey_Src" : null,
		"Centr_Lat" : 42.3773841539,
		"Centr_Lon" : -71.0396833394,
		"Gnd_El_Ft" : 9.84,
		"Z_Max_Ft" : 69.9999908333,
		"Z_MIn_Ft" : 10.0001108333,
		"Height_Ft" : 60.1599908333,
		"Tile_ID" : "BOS_I_3",
		"Parcel_ID" : "0103661000",
		"Struct_ID" : null,
		"StructUse" : null,
		"GoogleLnk" : "https://www.google.com/maps/search//@42.375384153639,-71.0396833388423,263a,35y,39.46t/data=!3m1!1e3",
		"NearMapLnk" : "https://apps.nearmap.com/maps/#/@42.377384153639,-71.0396833388423,21.00z,1d/3D",
		"Struct_Lnk" : null,
		"Parcel_Lnk" : "https://app01.cityofboston.gov/AssessingMap/?find=0103661000",
		"RecInitUsr" : "PBCOTE",
		"RecInitDt" : "20210809",
		"fme_feature_type" : "bos3d_models",
		"QA_Flag" : null,
		"QA_Issue" : null,
		"RecModUsr" : "PBCOTE",
		"RecModDt" : "20210809",
		"Centr_X_Ft" : 49443.4561424,
		"Centr_Y_Ft" : 59980.8357264
	}
]