[
	{
		"json_featuretype" : "BOS_I_3 3D Model Collection Issued: 20210806",
		"Name" : "Clippership Wharf",
		"StructType" : "Building",
		"Project_Id" : 2917,
		"ProjectLnk" : "http://www.bostonplans.org/projects/development-projects/clippership-wharf",
		"Status" : "Current",
		"Appear_Dt" : "20190411",
		"Appear_Src" : "All buildings finished but one. Nearmap 4/11/2019\r\n",
		"Disapp_Dt" : null,
		"Disapp_Src" : null,
		"Editor" : "PBCOTE",
		"Edit_Dt" : "20210805",
		"EditAction" : "Enrolled as New Model",
		"Model_ID" : "BOS_F9X6DMV",
		"Model_Cred" : "Ben Kao, Sasaki Associates",
		"ModelBatch" : "Sasaki_20210805",
		"Model_File" : "Clippership_Wharf2.obj",
		"Model_Dt" : "20210805",
		"Model_Note" : null,
		"Model_LOD" : 3,
		"Survey_Dt" : null,
		"Survey_Src" : "Handmade from drawings",
		"Centr_Lat" : 42.3676796432,
		"Centr_Lon" : -71.0415513098,
		"Gnd_El_Ft" : 6.56,
		"Z_Max_Ft" : 92.311626,
		"Z_MIn_Ft" : 0.000130833344883,
		"Height_Ft" : 85.751626,
		"Tile_ID" : "BOS_I_3",
		"Parcel_ID" : "0105400020",
		"Struct_ID" : null,
		"StructUse" : null,
		"GoogleLnk" : "https://www.google.com/maps/search//@42.365679638800295,-71.0415513118352,263a,35y,39.46t/data=!3m1!1e3",
		"NearMapLnk" : "https://apps.nearmap.com/maps/#/@42.3676796388003,-71.0415513118352,21.00z,1d/3D",
		"Struct_Lnk" : null,
		"Parcel_Lnk" : "https://app01.cityofboston.gov/AssessingMap/?find=0105400020",
		"RecInitUsr" : "PBCOTE",
		"RecInitDt" : "20210809",
		"fme_feature_type" : "bos3d_models",
		"QA_Flag" : null,
		"QA_Issue" : null,
		"RecModUsr" : "PBCOTE",
		"RecModDt" : "20210809",
		"Centr_X_Ft" : 48957.7467623,
		"Centr_Y_Ft" : 56441.5976755
	}
]