[
	{
		"json_featuretype" : "BOS_I_3 3D Model Collection Issued: 20210806",
		"Name" : null,
		"StructType" : "Wall",
		"Project_Id" : 0,
		"ProjectLnk" : null,
		"Status" : "Current",
		"Appear_Dt" : null,
		"Appear_Src" : "Recorded in 2011 Infotech photogrammetry.",
		"Disapp_Dt" : null,
		"Disapp_Src" : null,
		"Editor" : "PBCOTE",
		"Edit_Dt" : "20210804",
		"EditAction" : "Enrolled as new model",
		"Model_ID" : "BOS_N4R1KQX",
		"Model_Cred" : "pbcGIS",
		"ModelBatch" : "Walls_Docks_20210614",
		"Model_File" : "Walls_Docks_20210609.gdb",
		"Model_Dt" : "20210614",
		"Model_Note" : "Height established from measured infotech height. Depth established from DTM.  Width from Infotech Wall Type.",
		"Model_LOD" : 1.5,
		"Survey_Dt" : "20110401",
		"Survey_Src" : "Recorded in 2011 photogrammetry by Infotech.",
		"Centr_Lat" : 42.3651670541,
		"Centr_Lon" : -71.0544393233,
		"Gnd_El_Ft" : 19.68,
		"Z_Max_Ft" : 22.9390613333,
		"Z_MIn_Ft" : 16.1247705,
		"Height_Ft" : 3.25906133334,
		"Tile_ID" : "BOS_I_3",
		"Parcel_ID" : "0302320000",
		"Struct_ID" : null,
		"StructUse" : null,
		"GoogleLnk" : "https://www.google.com/maps/search//@42.363167053554896,-71.0544393228938,263a,35y,39.46t/data=!3m1!1e3",
		"NearMapLnk" : "https://apps.nearmap.com/maps/#/@42.3651670535549,-71.0544393228938,21.00z,1d/3D",
		"Struct_Lnk" : null,
		"Parcel_Lnk" : "https://app01.cityofboston.gov/AssessingMap/?find=0302320000",
		"RecInitUsr" : "PBCOTE",
		"RecInitDt" : "20210809",
		"fme_feature_type" : "bos3d_models",
		"QA_Flag" : null,
		"QA_Issue" : null,
		"RecModUsr" : "PBCOTE",
		"RecModDt" : "20210809",
		"Centr_X_Ft" : 45479.7140168,
		"Centr_Y_Ft" : 55507.5051556
	}
]