[
	{
		"json_featuretype" : "BOS_I_3 3D Model Collection Issued: 20210806",
		"Name" : "Parcel 39A",
		"StructType" : "Building",
		"Project_Id" : 114,
		"ProjectLnk" : null,
		"Status" : "Current",
		"Appear_Dt" : "20130214",
		"Appear_Src" : "BPDA Board Approved",
		"Disapp_Dt" : null,
		"Disapp_Src" : null,
		"Editor" : "pbcGIS",
		"Edit_Dt" : "20170824",
		"EditAction" : "Added model from UDTG",
		"Model_ID" : "BOS_SK9PGNT",
		"Model_Cred" : "BPDA Urban Design Technology Group",
		"ModelBatch" : "bpda_20170801\\3DNewBuildingin3ds",
		"Model_File" : "Charlestown-Navy-Yard-Parcel-39",
		"Model_Dt" : "20170809",
		"Model_Note" : null,
		"Model_LOD" : 3,
		"Survey_Dt" : "20130214",
		"Survey_Src" : "Modeled from drawings",
		"Centr_Lat" : 42.3761547941,
		"Centr_Lon" : -71.0529605061,
		"Gnd_El_Ft" : 9.84,
		"Z_Max_Ft" : 68.9999928333,
		"Z_MIn_Ft" : 8.00011483334,
		"Height_Ft" : 59.1599928333,
		"Tile_ID" : "BOS_I_3",
		"Parcel_ID" : "0203511400",
		"Struct_ID" : null,
		"StructUse" : null,
		"GoogleLnk" : "https://www.google.com/maps/search//@42.3741547943501,-71.0529605070721,263a,35y,39.46t/data=!3m1!1e3",
		"NearMapLnk" : "https://apps.nearmap.com/maps/#/@42.3761547943501,-71.0529605070721,21.00z,1d/3D",
		"Struct_Lnk" : null,
		"Parcel_Lnk" : "https://app01.cityofboston.gov/AssessingMap/?find=0203511400",
		"RecInitUsr" : "PBCOTE",
		"RecInitDt" : "20210809",
		"fme_feature_type" : "bos3d_models",
		"QA_Flag" : null,
		"QA_Issue" : null,
		"RecModUsr" : "PBCOTE",
		"RecModDt" : "20210809",
		"Centr_X_Ft" : 45858.3748636,
		"Centr_Y_Ft" : 59513.750435
	}
]