[
	{
		"json_featuretype" : "BOS_G_2 3D Model Collection Issued: 20210719",
		"StructType" : "Wall",
		"Project_Id" : 0,
		"Status" : "Current",
		"Appear_Src" : "Recorded in 2011 Infotech photogrammetry.",
		"Editor" : "PBCOTE",
		"Edit_Dt" : "20210615",
		"EditAction" : "Enrolled as new model",
		"Model_ID" : "BOS_I6P6XLY",
		"Model_Cred" : "pbcGIS",
		"ModelBatch" : "Walls_Docks_20210614",
		"Model_File" : "Walls_Docks_20210609.gdb",
		"Model_Dt" : "20210614",
		"Model_Note" : "Height established from measured infotech height. Depth established from DTM.  Width from Infotech Wall Type.",
		"Model_LOD" : 1.5,
		"Survey_Dt" : "20110401",
		"Survey_Src" : "Recorded in 2011 photogrammetry by Infotech.",
		"Centr_Lat" : 42.3829515744,
		"Centr_Lon" : -71.0793183022,
		"Gnd_El_Ft" : 32.3384183052,
		"Z_Max_Ft" : 36.8074719167,
		"Z_MIn_Ft" : 27.9912165833,
		"Height_Ft" : 4.46905361149,
		"Tile_ID" : "BOS_G_2",
		"Parcel_ID" : "0202087000",
		"GoogleLnk" : "https://www.google.com/maps/search//@42.3809515744331,-71.0793183021823,263a,35y,39.46t/data=!3m1!1e3",
		"NearMapLnk" : "https://apps.nearmap.com/maps/#/@42.3829515744331,-71.0793183021823,21.00z,1d/3D",
		"Parcel_Lnk" : "https://app01.cityofboston.gov/AssessingMap/?find=0202087000"
	}
]