[
	{
		"json_featuretype" : "BOS_G_2 3D Model Collection Issued: 20210719",
		"Name" : "18 SPICE ST",
		"StructType" : "Building",
		"Project_Id" : 0,
		"Status" : "Current",
		"Appear_Dt" : "18990101",
		"Appear_Src" : "Boston Assessor, 2018",
		"Editor" : "pbcGIS",
		"Edit_Dt" : "20170824",
		"EditAction" : "Extended bottom by 8 feet",
		"Model_ID" : "BOS_YU3DMA4",
		"Model_Cred" : "Cybercity3D",
		"ModelBatch" : "9/14/2014",
		"Model_File" : "Miscellaneous GeoDatabase Feature-Classes, Assimilated by pbcGIS",
		"Model_Dt" : "20140914",
		"Model_LOD" : 2,
		"Survey_Dt" : "20120401",
		"Survey_Src" : "Photogrammetry by Infotech",
		"Centr_Lat" : 42.3829144407,
		"Centr_Lon" : -71.0746576695,
		"Gnd_El_Ft" : 11.9911016882,
		"Z_Max_Ft" : 28.0000748333,
		"Z_MIn_Ft" : -1.49986616666,
		"Height_Ft" : 16.0089731452,
		"Tile_ID" : "BOS_G_2",
		"Parcel_ID" : "0202154000",
		"GoogleLnk" : "https://www.google.com/maps/search//@42.3809144407103,-71.0746576694873,263a,35y,39.46t/data=!3m1!1e3",
		"NearMapLnk" : "https://apps.nearmap.com/maps/#/@42.3829144407103,-71.0746576694873,21.00z,1d/3D",
		"Parcel_Lnk" : "https://app01.cityofboston.gov/AssessingMap/?find=0202154000"
	}
]