[
	{
		"json_featuretype" : "BOS_I_3 3D Model Collection Issued: 20210806",
		"Name" : "maverick_gardens_phase4",
		"StructType" : "Building",
		"Project_Id" : 0,
		"ProjectLnk" : null,
		"Status" : "Current",
		"Appear_Dt" : "20180101",
		"Appear_Src" : null,
		"Disapp_Dt" : null,
		"Disapp_Src" : null,
		"Editor" : "pbcGIS",
		"Edit_Dt" : "20180309",
		"EditAction" : "Split and adjusted from UDTG model",
		"Model_ID" : "BOS_Q8QXYGX",
		"Model_Cred" : "BPDA Urban Design Technology Group",
		"ModelBatch" : "bpda_20170801\\3DNewBuildingin3ds",
		"Model_File" : "Split and adjusted from UDTG model",
		"Model_Dt" : "20170809",
		"Model_Note" : null,
		"Model_LOD" : 3,
		"Survey_Dt" : null,
		"Survey_Src" : "Modeled from drawings",
		"Centr_Lat" : 42.3703907653,
		"Centr_Lon" : -71.0414529549,
		"Gnd_El_Ft" : 13.12,
		"Z_Max_Ft" : 71.9999868333,
		"Z_MIn_Ft" : 13.0001048333,
		"Height_Ft" : 58.8799868333,
		"Tile_ID" : "BOS_I_3",
		"Parcel_ID" : null,
		"Struct_ID" : null,
		"StructUse" : null,
		"GoogleLnk" : "https://www.google.com/maps/search//@42.3683907630666,-71.0414529546589,263a,35y,39.46t/data=!3m1!1e3",
		"NearMapLnk" : "https://apps.nearmap.com/maps/#/@42.3703907630666,-71.0414529546589,21.00z,1d/3D",
		"Struct_Lnk" : null,
		"Parcel_Lnk" : null,
		"RecInitUsr" : "PBCOTE",
		"RecInitDt" : "20210809",
		"fme_feature_type" : "bos3d_models",
		"QA_Flag" : null,
		"QA_Issue" : null,
		"RecModUsr" : "PBCOTE",
		"RecModDt" : "20210809",
		"Centr_X_Ft" : 48979.0152231,
		"Centr_Y_Ft" : 57429.7273878
	}
]