[
	{
		"json_featuretype" : "BOS_I_3 3D Model Collection Issued: 20210806",
		"Name" : "East Boston Neighborhood Health Center",
		"StructType" : "Building",
		"Project_Id" : 1424,
		"ProjectLnk" : null,
		"Status" : "Current",
		"Appear_Dt" : "20170824",
		"Appear_Src" : "UDTG Model",
		"Disapp_Dt" : null,
		"Disapp_Src" : null,
		"Editor" : "pbcGIS",
		"Edit_Dt" : "20170824",
		"EditAction" : "Added model from UDTG",
		"Model_ID" : "BOS_HFMQC05",
		"Model_Cred" : "BPDA Urban Design Technology Group",
		"ModelBatch" : "bpda_20170801\\3DNewBuildingin3ds",
		"Model_File" : "East-Boston-Neighborhood-Health-Center-EB",
		"Model_Dt" : "20170809",
		"Model_Note" : null,
		"Model_LOD" : 3,
		"Survey_Dt" : null,
		"Survey_Src" : "Modeled from drawings",
		"Centr_Lat" : 42.3697211608,
		"Centr_Lon" : -71.0395758796,
		"Gnd_El_Ft" : 16.4,
		"Z_Max_Ft" : 75.4999798333,
		"Z_MIn_Ft" : 15.0001008333,
		"Height_Ft" : 59.0999798333,
		"Tile_ID" : "BOS_I_3",
		"Parcel_ID" : "0105658010",
		"Struct_ID" : null,
		"StructUse" : null,
		"GoogleLnk" : "https://www.google.com/maps/search//@42.367721160977,-71.0395758791584,263a,35y,39.46t/data=!3m1!1e3",
		"NearMapLnk" : "https://apps.nearmap.com/maps/#/@42.369721160977,-71.0395758791584,21.00z,1d/3D",
		"Struct_Lnk" : null,
		"Parcel_Lnk" : "https://app01.cityofboston.gov/AssessingMap/?find=0105658010",
		"RecInitUsr" : "PBCOTE",
		"RecInitDt" : "20210809",
		"fme_feature_type" : "bos3d_models",
		"QA_Flag" : null,
		"QA_Issue" : null,
		"RecModUsr" : "PBCOTE",
		"RecModDt" : "20210809",
		"Centr_X_Ft" : 49487.5652698,
		"Centr_Y_Ft" : 57188.4435196
	}
]