[
	{
		"json_featuretype" : "BOS_I_3 3D Model Collection Issued: 20210806",
		"Name" : null,
		"StructType" : "Building",
		"Project_Id" : 0,
		"ProjectLnk" : null,
		"Status" : "Current",
		"Appear_Dt" : null,
		"Appear_Src" : null,
		"Disapp_Dt" : null,
		"Disapp_Src" : null,
		"Editor" : "pbcGIS",
		"Edit_Dt" : "20170824",
		"EditAction" : "Extended bottom by 8 feet",
		"Model_ID" : "BOS_3B3UM6L",
		"Model_Cred" : "Cybercity3D",
		"ModelBatch" : "9/14/2014",
		"Model_File" : "Miscellaneous GeoDatabase Feature-Classes, Assimilated by pbcGIS",
		"Model_Dt" : "20140914",
		"Model_Note" : null,
		"Model_LOD" : 2,
		"Survey_Dt" : "20120401",
		"Survey_Src" : "Photogrammetry by Infotech",
		"Centr_Lat" : 42.3638943641,
		"Centr_Lon" : -71.0556576123,
		"Gnd_El_Ft" : 19.68,
		"Z_Max_Ft" : 29.5000718333,
		"Z_MIn_Ft" : 11.5001078333,
		"Height_Ft" : 9.82007183333,
		"Tile_ID" : "BOS_I_3",
		"Parcel_ID" : null,
		"Struct_ID" : null,
		"StructUse" : null,
		"GoogleLnk" : "https://www.google.com/maps/search//@42.361894364589595,-71.0556576119601,263a,35y,39.46t/data=!3m1!1e3",
		"NearMapLnk" : "https://apps.nearmap.com/maps/#/@42.3638943645896,-71.0556576119601,21.00z,1d/3D",
		"Struct_Lnk" : null,
		"Parcel_Lnk" : null,
		"RecInitUsr" : "PBCOTE",
		"RecInitDt" : "20210809",
		"fme_feature_type" : "bos3d_models",
		"QA_Flag" : null,
		"QA_Issue" : null,
		"RecModUsr" : "PBCOTE",
		"RecModDt" : "20210809",
		"Centr_X_Ft" : 45152.8904088,
		"Centr_Y_Ft" : 55041.9943379
	}
]