[
	{
		"json_featuretype" : "BOS_I_3 3D Model Collection Issued: 20210806",
		"Name" : "248 270 MERIDIAN ST",
		"StructType" : "Building",
		"Project_Id" : 0,
		"ProjectLnk" : null,
		"Status" : "Demolished",
		"Appear_Dt" : null,
		"Appear_Src" : null,
		"Disapp_Dt" : "20200514",
		"Disapp_Src" : "Overlapped with pipeline models",
		"Editor" : "pbcGIS",
		"Edit_Dt" : "20170909",
		"EditAction" : "Inserted multipatches based on extruded  Bos3d_Building_Poly",
		"Model_ID" : "BOS_H9GMQRV",
		"Model_Cred" : null,
		"ModelBatch" : "9/9/2017",
		"Model_File" : "Bos3dBase.gdb/Bos3d_Buildings_Poly",
		"Model_Dt" : "20170909",
		"Model_Note" : null,
		"Model_LOD" : 1,
		"Survey_Dt" : "20110401",
		"Survey_Src" : "Photogrammetry by Infotech, 2011",
		"Centr_Lat" : 42.3761483794,
		"Centr_Lon" : -71.0395415279,
		"Gnd_El_Ft" : 13.12,
		"Z_Max_Ft" : 65.4999998333,
		"Z_MIn_Ft" : 15.0001008333,
		"Height_Ft" : 52.3799998333,
		"Tile_ID" : "BOS_I_3",
		"Parcel_ID" : "0105937000",
		"Struct_ID" : null,
		"StructUse" : "C",
		"GoogleLnk" : "https://www.google.com/maps/search//@42.374148378829396,-71.0395415279222,263a,35y,39.46t/data=!3m1!1e3",
		"NearMapLnk" : "https://apps.nearmap.com/maps/#/@42.3761483788294,-71.0395415279222,21.00z,1d/3D",
		"Struct_Lnk" : null,
		"Parcel_Lnk" : "https://app01.cityofboston.gov/AssessingMap/?find=0105937000",
		"RecInitUsr" : "PBCOTE",
		"RecInitDt" : "20210809",
		"fme_feature_type" : "bos3d_models",
		"QA_Flag" : null,
		"QA_Issue" : null,
		"RecModUsr" : "PBCOTE",
		"RecModDt" : "20210809",
		"Centr_X_Ft" : 49484.2040373,
		"Centr_Y_Ft" : 59530.7010006
	},
	{
		"json_featuretype" : "BOS_I_3 3D Model Collection Issued: 20210806",
		"Name" : "248 270 MERIDIAN ST",
		"StructType" : "Building",
		"Project_Id" : 0,
		"ProjectLnk" : null,
		"Status" : "Demolished",
		"Appear_Dt" : null,
		"Appear_Src" : null,
		"Disapp_Dt" : "20160926",
		"Disapp_Src" : "Nearmap 9/26/2016",
		"Editor" : "pbc",
		"Edit_Dt" : "20210805",
		"EditAction" : "Updated Status",
		"Model_ID" : "BOS_H9GMQRV",
		"Model_Cred" : "Extruded from 2012 Photogrammetric Footprints and DTM by pbcGIS.",
		"ModelBatch" : "9/9/2017",
		"Model_File" : "Bos3dBase.gdb/Bos3d_Buildings_Poly",
		"Model_Dt" : "20170909",
		"Model_Note" : null,
		"Model_LOD" : 1,
		"Survey_Dt" : "20110401",
		"Survey_Src" : "Photogrammetry by Infotech, 2011",
		"Centr_Lat" : 42.3761483794,
		"Centr_Lon" : -71.0395415282,
		"Gnd_El_Ft" : 19.68,
		"Z_Max_Ft" : 65.4999998333,
		"Z_MIn_Ft" : 15.0001008333,
		"Height_Ft" : 45.8199998333,
		"Tile_ID" : "BOS_I_3",
		"Parcel_ID" : "0105937000",
		"Struct_ID" : null,
		"StructUse" : null,
		"GoogleLnk" : "https://www.google.com/maps/search//@42.3741324448337,-71.0392959719353,263a,35y,39.46t/data=!3m1!1e3",
		"NearMapLnk" : "https://apps.nearmap.com/maps/#/@42.3761324448337,-71.0392959719353,21.00z,1d/3D",
		"Struct_Lnk" : null,
		"Parcel_Lnk" : "https://app01.cityofboston.gov/AssessingMap/?find=0105937000",
		"RecInitUsr" : "PBCOTE",
		"RecInitDt" : "20210809",
		"fme_feature_type" : "bos3d_models",
		"QA_Flag" : null,
		"QA_Issue" : null,
		"RecModUsr" : "PBCOTE",
		"RecModDt" : "20210809",
		"Centr_X_Ft" : 49484.2039127,
		"Centr_Y_Ft" : 59530.7010248
	}
]