[
	{
		"json_featuretype" : "BOS_I_3 3D Model Collection Issued: 20210806",
		"Name" : "31 Orleans Street",
		"StructType" : "Building",
		"Project_Id" : 1697,
		"ProjectLnk" : "http://www.bostonplans.org/projects/development-projects/31-Orleans-Street",
		"Status" : "Current",
		"Appear_Dt" : "20180622",
		"Appear_Src" : "Under_construction in Streetview",
		"Disapp_Dt" : null,
		"Disapp_Src" : null,
		"Editor" : "pbcGIS",
		"Edit_Dt" : "20190903",
		"EditAction" : "a*0 Status updated.  No consequences for model status.",
		"Model_ID" : "BOS_LQ0XGD8",
		"Model_Cred" : "BPDA Urban Design Technology Group",
		"ModelBatch" : "bpda_20180625\\3DNewBuildingin3ds_5SEPT17",
		"Model_File" : "31-Orlean-St-EB-2017.3DS",
		"Model_Dt" : "20170905",
		"Model_Note" : null,
		"Model_LOD" : 3,
		"Survey_Dt" : "20170905",
		"Survey_Src" : "Modeled from drawings.",
		"Centr_Lat" : 42.3675312169,
		"Centr_Lon" : -71.0382157192,
		"Gnd_El_Ft" : 6.56,
		"Z_Max_Ft" : 67.4999958333,
		"Z_MIn_Ft" : 8.00011483334,
		"Height_Ft" : 60.9399958333,
		"Tile_ID" : "BOS_I_3",
		"Parcel_ID" : "0104839000",
		"Struct_ID" : null,
		"StructUse" : null,
		"GoogleLnk" : "https://www.google.com/maps/search//@42.3655312165405,-71.0382157193491,263a,35y,39.46t/data=!3m1!1e3",
		"NearMapLnk" : "https://apps.nearmap.com/maps/#/@42.3675312165405,-71.0382157193491,21.00z,1d/3D",
		"Struct_Lnk" : null,
		"Parcel_Lnk" : "https://app01.cityofboston.gov/AssessingMap/?find=0104839000",
		"RecInitUsr" : "PBCOTE",
		"RecInitDt" : "20210809",
		"fme_feature_type" : "bos3d_models",
		"QA_Flag" : null,
		"QA_Issue" : null,
		"RecModUsr" : "PBCOTE",
		"RecModDt" : "20210809",
		"Centr_X_Ft" : 49859.4393901,
		"Centr_Y_Ft" : 56392.3719124
	}
]