[
	{
		"json_featuretype" : "BOS_G_2 3D Model Collection Issued: 20210719",
		"StructType" : "Building",
		"Project_Id" : 0,
		"Status" : "Current",
		"Editor" : "pbcGIS",
		"Edit_Dt" : "20170909",
		"EditAction" : "Inserted multipatches based on extruded  Bos3d_Building_Poly",
		"Model_ID" : "BOS_FYSV5ZM",
		"Model_Cred" : "Extruded from 2012 Photogrammetric Footprints and DTM by pbcGIS.",
		"ModelBatch" : "GIS Sources",
		"Model_File" : "Bos3dBase.gdb/Bos3d_Buildings_Poly",
		"Model_Dt" : "20170909",
		"Model_LOD" : 1,
		"Survey_Dt" : "20110401",
		"Survey_Src" : "Photogrammetry by Infotech, 2011",
		"Centr_Lat" : 42.3857571633,
		"Centr_Lon" : -71.0778105754,
		"Gnd_El_Ft" : 26.24,
		"Z_Max_Ft" : 64.0000028333,
		"Z_MIn_Ft" : 23.0000848333,
		"Height_Ft" : 37.7600028333,
		"Tile_ID" : "BOS_G_2",
		"GoogleLnk" : "https://www.google.com/maps/search//@42.383757163348,-71.0778105754139,263a,35y,39.46t/data=!3m1!1e3",
		"NearMapLnk" : "https://apps.nearmap.com/maps/#/@42.385757163348,-71.0778105754139,21.00z,1d/3D"
	}
]