[
	{
		"json_featuretype" : "BOS_I_3 3D Model Collection Issued: 20210806",
		"Name" : "9 Chelsea Street",
		"StructType" : "Building",
		"Project_Id" : 2212,
		"ProjectLnk" : "http://www.bostonplans.org/projects/development-projects/9-Chelsea-Street",
		"Status" : "Board Approved",
		"Appear_Dt" : null,
		"Appear_Src" : null,
		"Disapp_Dt" : null,
		"Disapp_Src" : null,
		"Editor" : "pbc",
		"Edit_Dt" : "20190814",
		"EditAction" : "Inserted 3ds model frmo UDTG batch",
		"Model_ID" : "BOS_EAHIC5G",
		"Model_Cred" : "BPDA_UDTG",
		"ModelBatch" : "bpda_20200514\\3D models in 3ds\\December-2018",
		"Model_File" : "9-Chelsea-St-EB-2018-PID-2212.3DS",
		"Model_Dt" : "20181201",
		"Model_Note" : null,
		"Model_LOD" : 3,
		"Survey_Dt" : null,
		"Survey_Src" : null,
		"Centr_Lat" : 42.3701008154,
		"Centr_Lon" : -71.0381306838,
		"Gnd_El_Ft" : 6.56,
		"Z_Max_Ft" : 55.0000208333,
		"Z_MIn_Ft" : 13.5001038333,
		"Height_Ft" : 48.4400208333,
		"Tile_ID" : "BOS_I_3",
		"Parcel_ID" : "0103873000",
		"Struct_ID" : null,
		"StructUse" : null,
		"GoogleLnk" : "https://www.google.com/maps/search//@42.368100815622796,-71.0381306841226,263a,35y,39.46t/data=!3m1!1e3",
		"NearMapLnk" : "https://apps.nearmap.com/maps/#/@42.3701008156228,-71.0381306841226,21.00z,1d/3D",
		"Struct_Lnk" : null,
		"Parcel_Lnk" : "https://app01.cityofboston.gov/AssessingMap/?find=0103873000",
		"RecInitUsr" : "PBCOTE",
		"RecInitDt" : "20210809",
		"fme_feature_type" : "bos3d_models",
		"QA_Flag" : null,
		"QA_Issue" : null,
		"RecModUsr" : "PBCOTE",
		"RecModDt" : "20210809",
		"Centr_X_Ft" : 49877.3485356,
		"Centr_Y_Ft" : 57328.9086495
	}
]