[
	{
		"json_featuretype" : "BOS_G_2 3D Model Collection Issued: 20210719",
		"StructType" : "Building",
		"Project_Id" : 0,
		"Status" : "Current",
		"Editor" : "pbcGIS",
		"Edit_Dt" : "20170909",
		"EditAction" : "Inserted multipatches based on extruded  Bos3d_Building_Poly",
		"Model_ID" : "BOS_32WLI3M",
		"Model_Cred" : "Extruded from 2012 Photogrammetric Footprints and DTM by pbcGIS.",
		"ModelBatch" : "GIS Sources",
		"Model_File" : "Bos3dBase.gdb/Bos3d_Buildings_Poly",
		"Model_Dt" : "20170909",
		"Model_LOD" : 1,
		"Survey_Dt" : "20110401",
		"Survey_Src" : "Photogrammetry by Infotech, 2011",
		"Centr_Lat" : 42.38491253,
		"Centr_Lon" : -71.0785188705,
		"Gnd_El_Ft" : 29.52,
		"Z_Max_Ft" : 47.5000358333,
		"Z_MIn_Ft" : 21.5000878333,
		"Height_Ft" : 17.9800358333,
		"Tile_ID" : "BOS_G_2",
		"GoogleLnk" : "https://www.google.com/maps/search//@42.382912529969,-71.0785188705036,263a,35y,39.46t/data=!3m1!1e3",
		"NearMapLnk" : "https://apps.nearmap.com/maps/#/@42.384912529969,-71.0785188705036,21.00z,1d/3D"
	}
]