[
	{
		"json_featuretype" : "BOS_I_3 3D Model Collection Issued: 20210806",
		"Name" : "75 LIVERPOOL ST",
		"StructType" : "Building",
		"Project_Id" : 0,
		"ProjectLnk" : null,
		"Status" : "Approved Demo",
		"Appear_Dt" : "19000101",
		"Appear_Src" : "Boston Assessor, 2018",
		"Disapp_Dt" : "20180101",
		"Disapp_Src" : null,
		"Editor" : "pbcGIS",
		"Edit_Dt" : "20180718",
		"EditAction" : "Changed status per new Art 80 Project",
		"Model_ID" : "BOS_3B4OYSQ",
		"Model_Cred" : "Extruded from 2012 Photogrammetric Footprints and DTM by pbcGIS.",
		"ModelBatch" : "GIS Sources",
		"Model_File" : "Bos3dBase.gdb/Bos3d_Buildings_Poly",
		"Model_Dt" : "20170909",
		"Model_Note" : null,
		"Model_LOD" : 1,
		"Survey_Dt" : "20110401",
		"Survey_Src" : "Photogrammetry by Infotech, 2011",
		"Centr_Lat" : 42.371878784,
		"Centr_Lon" : -71.0409991464,
		"Gnd_El_Ft" : 6.56,
		"Z_Max_Ft" : 34.5000618333,
		"Z_MIn_Ft" : 3.50012383334,
		"Height_Ft" : 27.9400618333,
		"Tile_ID" : "BOS_I_3",
		"Parcel_ID" : "0105565000",
		"Struct_ID" : null,
		"StructUse" : null,
		"GoogleLnk" : "https://www.google.com/maps/search//@42.369878784319795,-71.0409991459735,263a,35y,39.46t/data=!3m1!1e3",
		"NearMapLnk" : "https://apps.nearmap.com/maps/#/@42.3718787843198,-71.0409991459735,21.00z,1d/3D",
		"Struct_Lnk" : null,
		"Parcel_Lnk" : "https://app01.cityofboston.gov/AssessingMap/?find=0105565000",
		"RecInitUsr" : "PBCOTE",
		"RecInitDt" : "20210809",
		"fme_feature_type" : "bos3d_models",
		"QA_Flag" : null,
		"QA_Issue" : null,
		"RecModUsr" : "PBCOTE",
		"RecModDt" : "20210809",
		"Centr_X_Ft" : 49098.7275449,
		"Centr_Y_Ft" : 57972.6515629
	}
]