[
	{
		"json_featuretype" : "BOS_I_3 3D Model Collection Issued: 20210806",
		"Name" : "187 Sumner Street (Grace Apartments)",
		"StructType" : "Building",
		"Project_Id" : 3163,
		"ProjectLnk" : "http://www.bostonplans.org/projects/development-projects/187-Sumner-Street-(Grace-Apartments)",
		"Status" : "Under Construction",
		"Appear_Dt" : "20210327",
		"Appear_Src" : "Nearmap",
		"Disapp_Dt" : null,
		"Disapp_Src" : null,
		"Editor" : "pbc",
		"Edit_Dt" : "20210805",
		"EditAction" : "Updated Status",
		"Model_ID" : "BOS_NDDZU0M",
		"Model_Cred" : "BPDA_UDTG",
		"ModelBatch" : "bpda_20200514\\3D models in 3ds\\December-2018",
		"Model_File" : "187-Sumner-St-Grace-Apartments-EB-2018-PID-3163.3DS",
		"Model_Dt" : "20181201",
		"Model_Note" : null,
		"Model_LOD" : 3,
		"Survey_Dt" : null,
		"Survey_Src" : null,
		"Centr_Lat" : 42.3689517807,
		"Centr_Lon" : -71.0405123745,
		"Gnd_El_Ft" : 9.84,
		"Z_Max_Ft" : 90.4999498333,
		"Z_MIn_Ft" : 10.5001098333,
		"Height_Ft" : 80.6599498333,
		"Tile_ID" : "BOS_I_3",
		"Parcel_ID" : "0105398015",
		"Struct_ID" : null,
		"StructUse" : null,
		"GoogleLnk" : "https://www.google.com/maps/search//@42.3669517805539,-71.0405123753059,263a,35y,39.46t/data=!3m1!1e3",
		"NearMapLnk" : "https://apps.nearmap.com/maps/#/@42.3689517805539,-71.0405123753059,21.00z,1d/3D",
		"Struct_Lnk" : null,
		"Parcel_Lnk" : "https://app01.cityofboston.gov/AssessingMap/?find=0105398015",
		"RecInitUsr" : "PBCOTE",
		"RecInitDt" : "20210809",
		"fme_feature_type" : "bos3d_models",
		"QA_Flag" : null,
		"QA_Issue" : null,
		"RecModUsr" : "PBCOTE",
		"RecModDt" : "20210809",
		"Centr_X_Ft" : 49236.0086399,
		"Centr_Y_Ft" : 56906.7016092
	}
]