[
	{
		"json_featuretype" : "BOS_G_2 3D Model Collection Issued: 20210719",
		"StructType" : "Wall",
		"Project_Id" : 0,
		"Status" : "Current",
		"Appear_Src" : "Recorded in 2011 Infotech photogrammetry.",
		"Editor" : "PBCOTE",
		"Edit_Dt" : "20210615",
		"EditAction" : "Enrolled as new model",
		"Model_ID" : "BOS_9PCKVWS",
		"Model_Cred" : "pbcGIS",
		"ModelBatch" : "Walls_Docks_20210614",
		"Model_File" : "Walls_Docks_20210609.gdb",
		"Model_Dt" : "20210614",
		"Model_Note" : "Height established from measured infotech height. Depth established from DTM.  Width from Infotech Wall Type.",
		"Model_LOD" : 1.5,
		"Survey_Dt" : "20110401",
		"Survey_Src" : "Recorded in 2011 photogrammetry by Infotech.",
		"Centr_Lat" : 42.382650137,
		"Centr_Lon" : -71.080047596,
		"Gnd_El_Ft" : 15.5444624351,
		"Z_Max_Ft" : 32.1230980833,
		"Z_MIn_Ft" : 10.4453199167,
		"Height_Ft" : 16.5786356482,
		"Tile_ID" : "BOS_G_2",
		"Parcel_ID" : "0202095001",
		"GoogleLnk" : "https://www.google.com/maps/search//@42.3806501369998,-71.0800475960278,263a,35y,39.46t/data=!3m1!1e3",
		"NearMapLnk" : "https://apps.nearmap.com/maps/#/@42.3826501369998,-71.0800475960278,21.00z,1d/3D",
		"Parcel_Lnk" : "https://app01.cityofboston.gov/AssessingMap/?find=0202095001"
	}
]