[
	{
		"json_featuretype" : "BOS_I_3 3D Model Collection Issued: 20210806",
		"Name" : null,
		"StructType" : "Building",
		"Project_Id" : 0,
		"ProjectLnk" : null,
		"Status" : "Demolished",
		"Appear_Dt" : "19100101",
		"Appear_Src" : "Boston Assessor, 2018",
		"Disapp_Dt" : "20181026",
		"Disapp_Src" : "Nearmap",
		"Editor" : "pj",
		"Edit_Dt" : "20210802",
		"EditAction" : "Updated Status info based on aerial photos",
		"Model_ID" : "BOS_URGT05U",
		"Model_Cred" : null,
		"ModelBatch" : "9/9/2017",
		"Model_File" : "Bos3dBase.gdb/Bos3d_Buildings_Poly",
		"Model_Dt" : "20170909",
		"Model_Note" : null,
		"Model_LOD" : 1,
		"Survey_Dt" : "20110401",
		"Survey_Src" : "Photogrammetry by Infotech, 2011",
		"Centr_Lat" : 42.3733691244,
		"Centr_Lon" : -71.039649611,
		"Gnd_El_Ft" : 6.56,
		"Z_Max_Ft" : 34.5000618333,
		"Z_MIn_Ft" : 5.00012083334,
		"Height_Ft" : 27.9400618333,
		"Tile_ID" : "BOS_I_3",
		"Parcel_ID" : "0105462000",
		"Struct_ID" : null,
		"StructUse" : "C",
		"GoogleLnk" : "https://www.google.com/maps/search//@42.3713691247334,-71.0396496110288,263a,35y,39.46t/data=!3m1!1e3",
		"NearMapLnk" : "https://apps.nearmap.com/maps/#/@42.3733691247334,-71.0396496110288,21.00z,1d/3D",
		"Struct_Lnk" : null,
		"Parcel_Lnk" : "https://app01.cityofboston.gov/AssessingMap/?find=0105462000",
		"RecInitUsr" : "PBCOTE",
		"RecInitDt" : "20210809",
		"fme_feature_type" : "bos3d_models",
		"QA_Flag" : null,
		"QA_Issue" : null,
		"RecModUsr" : "PBCOTE",
		"RecModDt" : "20210809",
		"Centr_X_Ft" : 49460.4661099,
		"Centr_Y_Ft" : 58517.7267295
	}
]