[
	{
		"json_featuretype" : "BOS_I_3 3D Model Collection Issued: 20210806",
		"Name" : "26 SHEAFE ST",
		"StructType" : "Building",
		"Project_Id" : 0,
		"ProjectLnk" : null,
		"Status" : "Current",
		"Appear_Dt" : "19990101",
		"Appear_Src" : "Boston Assessor, 2018",
		"Disapp_Dt" : null,
		"Disapp_Src" : null,
		"Editor" : "pbcGIS",
		"Edit_Dt" : "20170824",
		"EditAction" : "Extended bottom by 8 feet",
		"Model_ID" : "BOS_59IV1IJ",
		"Model_Cred" : "Cybercity3D",
		"ModelBatch" : "9/14/2014",
		"Model_File" : "Miscellaneous GeoDatabase Feature-Classes, Assimilated by pbcGIS",
		"Model_Dt" : "20140914",
		"Model_Note" : null,
		"Model_LOD" : 2,
		"Survey_Dt" : "20120401",
		"Survey_Src" : "Photogrammetry by Infotech",
		"Centr_Lat" : 42.3662497884,
		"Centr_Lon" : -71.0560410776,
		"Gnd_El_Ft" : 26.24,
		"Z_Max_Ft" : 104.999920833,
		"Z_MIn_Ft" : 16.5000978333,
		"Height_Ft" : 78.7599208333,
		"Tile_ID" : "BOS_I_3",
		"Parcel_ID" : "0302244001",
		"Struct_ID" : null,
		"StructUse" : null,
		"GoogleLnk" : "https://www.google.com/maps/search//@42.364249788459496,-71.0560410766131,263a,35y,39.46t/data=!3m1!1e3",
		"NearMapLnk" : "https://apps.nearmap.com/maps/#/@42.3662497884595,-71.0560410766131,21.00z,1d/3D",
		"Struct_Lnk" : null,
		"Parcel_Lnk" : "https://app01.cityofboston.gov/AssessingMap/?find=0302244001",
		"RecInitUsr" : "PBCOTE",
		"RecInitDt" : "20210809",
		"fme_feature_type" : "bos3d_models",
		"QA_Flag" : null,
		"QA_Issue" : null,
		"RecModUsr" : "PBCOTE",
		"RecModDt" : "20210809",
		"Centr_X_Ft" : 45044.7901026,
		"Centr_Y_Ft" : 55899.8179671
	}
]