[
	{
		"json_featuretype" : "BOS_G_2 3D Model Collection Issued: 20210719",
		"StructType" : "Wall",
		"Project_Id" : 0,
		"Status" : "Current",
		"Appear_Src" : "Recorded in 2011 Infotech photogrammetry.",
		"Editor" : "PBCOTE",
		"Edit_Dt" : "20210615",
		"EditAction" : "Enrolled as new model",
		"Model_ID" : "BOS_57A6SWH",
		"Model_Cred" : "pbcGIS",
		"ModelBatch" : "Walls_Docks_20210614",
		"Model_File" : "Walls_Docks_20210609.gdb",
		"Model_Dt" : "20210614",
		"Model_Note" : "Height established from measured infotech height. Depth established from DTM.  Width from Infotech Wall Type.",
		"Model_LOD" : 1.5,
		"Survey_Dt" : "20110401",
		"Survey_Src" : "Recorded in 2011 photogrammetry by Infotech.",
		"Centr_Lat" : 42.3828427939,
		"Centr_Lon" : -71.0795830492,
		"Gnd_El_Ft" : 30.2302966717,
		"Z_Max_Ft" : 32.7835298333,
		"Z_MIn_Ft" : 24.0394528333,
		"Height_Ft" : 2.55323316163,
		"Tile_ID" : "BOS_G_2",
		"Parcel_ID" : "0202091000",
		"GoogleLnk" : "https://www.google.com/maps/search//@42.380842793862996,-71.0795830492174,263a,35y,39.46t/data=!3m1!1e3",
		"NearMapLnk" : "https://apps.nearmap.com/maps/#/@42.382842793863,-71.0795830492174,21.00z,1d/3D",
		"Parcel_Lnk" : "https://app01.cityofboston.gov/AssessingMap/?find=0202091000"
	}
]