[
	{
		"json_featuretype" : "BOS_G_2 3D Model Collection Issued: 20210719",
		"Name" : "22 BRIGHTON ST",
		"StructType" : "Building",
		"Project_Id" : 0,
		"Status" : "Current",
		"Appear_Dt" : "18850101",
		"Appear_Src" : "Boston Assessor, 2018",
		"Editor" : "pbcGIS",
		"Edit_Dt" : "20170909",
		"EditAction" : "Inserted multipatches based on extruded  Bos3d_Building_Poly",
		"Model_ID" : "BOS_0NOLJEA",
		"Model_Cred" : "Extruded from 2012 Photogrammetric Footprints and DTM by pbcGIS.",
		"ModelBatch" : "GIS Sources",
		"Model_File" : "Bos3dBase.gdb/Bos3d_Buildings_Poly",
		"Model_Dt" : "20170909",
		"Model_LOD" : 1,
		"Survey_Dt" : "20110401",
		"Survey_Src" : "Photogrammetry by Infotech, 2011",
		"Centr_Lat" : 42.3837255055,
		"Centr_Lon" : -71.078009883,
		"Gnd_El_Ft" : 21.8275786991,
		"Z_Max_Ft" : 56.0000188333,
		"Z_MIn_Ft" : 19.5000918333,
		"Height_Ft" : 34.1724401342,
		"Tile_ID" : "BOS_G_2",
		"Parcel_ID" : "0202042000",
		"GoogleLnk" : "https://www.google.com/maps/search//@42.3817255054926,-71.078009882983,263a,35y,39.46t/data=!3m1!1e3",
		"NearMapLnk" : "https://apps.nearmap.com/maps/#/@42.3837255054926,-71.078009882983,21.00z,1d/3D",
		"Parcel_Lnk" : "https://app01.cityofboston.gov/AssessingMap/?find=0202042000"
	}
]