[
	{
		"json_featuretype" : "BOS_G_2 3D Model Collection Issued: 20210719",
		"Name" : "2 12 SPICE ST",
		"StructType" : "Building",
		"Project_Id" : 0,
		"Status" : "Current",
		"Appear_Dt" : "19100101",
		"Appear_Src" : "Boston Assessor, 2018",
		"Editor" : "pbcGIS",
		"Edit_Dt" : "20170824",
		"EditAction" : "Extended bottom by 8 feet",
		"Model_ID" : "BOS_DCL973P",
		"Model_Cred" : "Cybercity3D",
		"ModelBatch" : "9/14/2014",
		"Model_File" : "Miscellaneous GeoDatabase Feature-Classes, Assimilated by pbcGIS",
		"Model_Dt" : "20140914",
		"Model_LOD" : 2,
		"Survey_Dt" : "20120401",
		"Survey_Src" : "Photogrammetry by Infotech",
		"Centr_Lat" : 42.3834203459,
		"Centr_Lon" : -71.0749562305,
		"Gnd_El_Ft" : 13.12,
		"Z_Max_Ft" : 21.5000878333,
		"Z_MIn_Ft" : 0.000130833344883,
		"Height_Ft" : 8.38008783334,
		"Tile_ID" : "BOS_G_2",
		"Parcel_ID" : "0202156001",
		"GoogleLnk" : "https://www.google.com/maps/search//@42.3814203459064,-71.0749562304637,263a,35y,39.46t/data=!3m1!1e3",
		"NearMapLnk" : "https://apps.nearmap.com/maps/#/@42.3834203459064,-71.0749562304637,21.00z,1d/3D",
		"Parcel_Lnk" : "https://app01.cityofboston.gov/AssessingMap/?find=0202156001"
	}
]