[
	{
		"json_featuretype" : "BOS_I_3 3D Model Collection Issued: 20210719",
		"Name" : "Clippership Wharf",
		"StructType" : "Building",
		"Project_Id" : 2917,
		"ProjectLnk" : "http://www.bostonplans.org/projects/development-projects/Clippership-Wharf",
		"Status" : "Current",
		"Appear_Dt" : "20190411",
		"Appear_Src" : "All buildings finished but one. Nearmap 4/11/2019",
		"Editor" : "PBCOTE",
		"Edit_Dt" : "20210528",
		"EditAction" : "Promoted Status Observation",
		"Model_ID" : "BOS_24N9XBF",
		"Model_Cred" : "The Architectural Team, Inc.",
		"Model_File" : "ClippershipWharf_ReducedSize.shp",
		"Model_Dt" : "20191210",
		"Model_LOD" : 3,
		"Centr_Lat" : 42.3677101637,
		"Centr_Lon" : -71.0416134533,
		"Gnd_El_Ft" : 5.79244469749,
		"Z_Max_Ft" : 100.499929833,
		"Z_MIn_Ft" : 0.500129833337,
		"Height_Ft" : 94.7074851359,
		"Tile_ID" : "BOS_I_3",
		"Parcel_ID" : "0105400020",
		"StructUse" : "Building",
		"GoogleLnk" : "https://www.google.com/maps/search//@42.3657101636761,-71.0416134532523,263a,35y,39.46t/data=!3m1!1e3",
		"NearMapLnk" : "https://apps.nearmap.com/maps/#/@42.3677101636761,-71.0416134532523,21.00z,1d/3D",
		"Parcel_Lnk" : "https://app01.cityofboston.gov/AssessingMap/?find=0105400020"
	}
]