[
	{
		"json_featuretype" : "BOS_I_3 3D Model Collection Issued: 20210806",
		"Name" : "152 Liverpool Street",
		"StructType" : "Building",
		"Project_Id" : 2581,
		"ProjectLnk" : "http://www.bostonplans.org/projects/development-projects/152-Liverpool-Street",
		"Status" : "Board Approved",
		"Appear_Dt" : null,
		"Appear_Src" : null,
		"Disapp_Dt" : null,
		"Disapp_Src" : null,
		"Editor" : "pbc",
		"Edit_Dt" : "20190814",
		"EditAction" : "Inserted 3ds model frmo UDTG batch",
		"Model_ID" : "BOS_DG3ZSHC",
		"Model_Cred" : "BPDA_UDTG",
		"ModelBatch" : "bpda_20200514\\3D models in 3ds\\December-2018",
		"Model_File" : "152-Liverpool-St-EB-2018-PID-2581.3DS",
		"Model_Dt" : "20181201",
		"Model_Note" : null,
		"Model_LOD" : 3,
		"Survey_Dt" : null,
		"Survey_Src" : null,
		"Centr_Lat" : 42.3733965508,
		"Centr_Lon" : -71.0402216945,
		"Gnd_El_Ft" : 9.84,
		"Z_Max_Ft" : 70.4999898333,
		"Z_MIn_Ft" : 9.00011283334,
		"Height_Ft" : 60.6599898333,
		"Tile_ID" : "BOS_I_3",
		"Parcel_ID" : "0105421000",
		"Struct_ID" : null,
		"StructUse" : null,
		"GoogleLnk" : "https://www.google.com/maps/search//@42.371396550431896,-71.0402216948301,263a,35y,39.46t/data=!3m1!1e3",
		"NearMapLnk" : "https://apps.nearmap.com/maps/#/@42.3733965504319,-71.0402216948301,21.00z,1d/3D",
		"Struct_Lnk" : null,
		"Parcel_Lnk" : "https://app01.cityofboston.gov/AssessingMap/?find=0105421000",
		"RecInitUsr" : "PBCOTE",
		"RecInitDt" : "20210809",
		"fme_feature_type" : "bos3d_models",
		"QA_Flag" : null,
		"QA_Issue" : null,
		"RecModUsr" : "PBCOTE",
		"RecModDt" : "20210809",
		"Centr_X_Ft" : 49305.828216,
		"Centr_Y_Ft" : 58526.8876724
	}
]