[
	{
		"json_featuretype" : "BOS_I_3 3D Model Collection Issued: 20210806",
		"Name" : "152 154 LIVERPOOL ST",
		"StructType" : "Building",
		"Project_Id" : 0,
		"ProjectLnk" : null,
		"Status" : "Demolished",
		"Appear_Dt" : "19450101",
		"Appear_Src" : "Boston Assessor, 2018",
		"Disapp_Dt" : "20210327",
		"Disapp_Src" : "Nearmap",
		"Editor" : "pbc",
		"Edit_Dt" : "20210805",
		"EditAction" : "Updated Status",
		"Model_ID" : "BOS_0FYT8EF",
		"Model_Cred" : "Extruded from 2012 Photogrammetric Footprints and DTM by pbcGIS.",
		"ModelBatch" : "GIS Sources",
		"Model_File" : "Bos3dBase.gdb/Bos3d_Buildings_Poly",
		"Model_Dt" : "20170909",
		"Model_Note" : null,
		"Model_LOD" : 1,
		"Survey_Dt" : "20110401",
		"Survey_Src" : "Photogrammetry by Infotech, 2011",
		"Centr_Lat" : 42.3734490187,
		"Centr_Lon" : -71.0402032008,
		"Gnd_El_Ft" : 9.84,
		"Z_Max_Ft" : 23.0000848333,
		"Z_MIn_Ft" : 5.00012083334,
		"Height_Ft" : 13.1600848333,
		"Tile_ID" : "BOS_I_3",
		"Parcel_ID" : "0105421000",
		"Struct_ID" : null,
		"StructUse" : null,
		"GoogleLnk" : "https://www.google.com/maps/search//@42.371449018303096,-71.0402032004051,263a,35y,39.46t/data=!3m1!1e3",
		"NearMapLnk" : "https://apps.nearmap.com/maps/#/@42.3734490183031,-71.0402032004051,21.00z,1d/3D",
		"Struct_Lnk" : null,
		"Parcel_Lnk" : "https://app01.cityofboston.gov/AssessingMap/?find=0105421000",
		"RecInitUsr" : "PBCOTE",
		"RecInitDt" : "20210809",
		"fme_feature_type" : "bos3d_models",
		"QA_Flag" : null,
		"QA_Issue" : null,
		"RecModUsr" : "PBCOTE",
		"RecModDt" : "20210809",
		"Centr_X_Ft" : 49310.7225129,
		"Centr_Y_Ft" : 58546.0348462
	}
]