[
	{
		"json_featuretype" : "BOS_I_3 3D Model Collection Issued: 20210806",
		"Name" : "3 3HF WIGET ST",
		"StructType" : "Building",
		"Project_Id" : 0,
		"ProjectLnk" : null,
		"Status" : "Current",
		"Appear_Dt" : "19260101",
		"Appear_Src" : "Boston Assessor, 2018",
		"Disapp_Dt" : null,
		"Disapp_Src" : null,
		"Editor" : "pbcGIS",
		"Edit_Dt" : "20170824",
		"EditAction" : "Extended bottom by 8 feet",
		"Model_ID" : "BOS_5WWUE6Y",
		"Model_Cred" : "Cybercity3D",
		"ModelBatch" : "9/14/2014",
		"Model_File" : "Miscellaneous GeoDatabase Feature-Classes, Assimilated by pbcGIS",
		"Model_Dt" : "20140914",
		"Model_Note" : null,
		"Model_LOD" : 2,
		"Survey_Dt" : "20120401",
		"Survey_Src" : "Photogrammetry by Infotech",
		"Centr_Lat" : 42.3640717026,
		"Centr_Lon" : -71.0558557226,
		"Gnd_El_Ft" : 14.0207777921,
		"Z_Max_Ft" : 81.9999668333,
		"Z_MIn_Ft" : 8.50011383335,
		"Height_Ft" : 67.9791890412,
		"Tile_ID" : "BOS_I_3",
		"Parcel_ID" : "0302493000",
		"Struct_ID" : null,
		"StructUse" : null,
		"GoogleLnk" : "https://www.google.com/maps/search//@42.3620717028578,-71.0558557227212,263a,35y,39.46t/data=!3m1!1e3",
		"NearMapLnk" : "https://apps.nearmap.com/maps/#/@42.3640717028578,-71.0558557227212,21.00z,1d/3D",
		"Struct_Lnk" : null,
		"Parcel_Lnk" : "https://app01.cityofboston.gov/AssessingMap/?find=0302493000",
		"RecInitUsr" : "PBCOTE",
		"RecInitDt" : "20210809",
		"fme_feature_type" : "bos3d_models",
		"QA_Flag" : null,
		"QA_Issue" : null,
		"RecModUsr" : "PBCOTE",
		"RecModDt" : "20210809",
		"Centr_X_Ft" : 45099.0137154,
		"Centr_Y_Ft" : 55106.3413314
	}
]