[
	{
		"json_featuretype" : "BOS_G_2 3D Model Collection Issued: 20210719",
		"Name" : "20 PARKER ST",
		"StructType" : "Building",
		"Project_Id" : 0,
		"Status" : "Current",
		"Appear_Dt" : "18600101",
		"Appear_Src" : "Boston Assessor, 2018",
		"Editor" : "pbcGIS",
		"Edit_Dt" : "20170909",
		"EditAction" : "Inserted multipatches based on extruded  Bos3d_Building_Poly",
		"Model_ID" : "BOS_EQY5PT7",
		"Model_Cred" : "Extruded from 2012 Photogrammetric Footprints and DTM by pbcGIS.",
		"ModelBatch" : "GIS Sources",
		"Model_File" : "Bos3dBase.gdb/Bos3d_Buildings_Poly",
		"Model_Dt" : "20170909",
		"Model_LOD" : 1,
		"Survey_Dt" : "20110401",
		"Survey_Src" : "Photogrammetry by Infotech, 2011",
		"Centr_Lat" : 42.383262165,
		"Centr_Lon" : -71.0788222366,
		"Gnd_El_Ft" : 30.9717133809,
		"Z_Max_Ft" : 64.0000028333,
		"Z_MIn_Ft" : 28.0000748333,
		"Height_Ft" : 33.0282894524,
		"Tile_ID" : "BOS_G_2",
		"Parcel_ID" : "0202063000",
		"GoogleLnk" : "https://www.google.com/maps/search//@42.3812621650049,-71.0788222365558,263a,35y,39.46t/data=!3m1!1e3",
		"NearMapLnk" : "https://apps.nearmap.com/maps/#/@42.3832621650049,-71.0788222365558,21.00z,1d/3D",
		"Parcel_Lnk" : "https://app01.cityofboston.gov/AssessingMap/?find=0202063000"
	}
]