[
	{
		"json_featuretype" : "BOS_I_3 3D Model Collection Issued: 20210806",
		"Name" : "MOULTON WY",
		"StructType" : "Building",
		"Project_Id" : 0,
		"ProjectLnk" : null,
		"Status" : "Approved Demo",
		"Appear_Dt" : "19000101",
		"Appear_Src" : "Boston Assessor, 2018",
		"Disapp_Dt" : "20210116",
		"Disapp_Src" : "Art80 log",
		"Editor" : "pbc",
		"Edit_Dt" : "20210805",
		"EditAction" : "Updated Status",
		"Model_ID" : "BOS_BP71DTE",
		"Model_Cred" : "Extruded from 2012 Photogrammetric Footprints and DTM by pbcGIS.",
		"ModelBatch" : "GIS Sources",
		"Model_File" : "Bos3dBase.gdb/Bos3d_Buildings_Poly",
		"Model_Dt" : "20170909",
		"Model_Note" : null,
		"Model_LOD" : 1,
		"Survey_Dt" : "20110401",
		"Survey_Src" : "Photogrammetry by Infotech, 2011",
		"Centr_Lat" : 42.3770737553,
		"Centr_Lon" : -71.0557752605,
		"Gnd_El_Ft" : 13.12,
		"Z_Max_Ft" : 54.0000228333,
		"Z_MIn_Ft" : 6.50011783333,
		"Height_Ft" : 40.8800228333,
		"Tile_ID" : "BOS_I_3",
		"Parcel_ID" : "0202671000",
		"Struct_ID" : null,
		"StructUse" : null,
		"GoogleLnk" : "https://www.google.com/maps/search//@42.375073755435494,-71.055775260642,263a,35y,39.46t/data=!3m1!1e3",
		"NearMapLnk" : "https://apps.nearmap.com/maps/#/@42.3770737554355,-71.055775260642,21.00z,1d/3D",
		"Struct_Lnk" : null,
		"Parcel_Lnk" : "https://app01.cityofboston.gov/AssessingMap/?find=0202671000",
		"RecInitUsr" : "PBCOTE",
		"RecInitDt" : "20210809",
		"fme_feature_type" : "bos3d_models",
		"QA_Flag" : null,
		"QA_Issue" : null,
		"RecModUsr" : "PBCOTE",
		"RecModDt" : "20210809",
		"Centr_X_Ft" : 45096.0821494,
		"Centr_Y_Ft" : 59844.6654202
	}
]