[
	{
		"json_featuretype" : "BOS_I_3 3D Model Collection Issued: 20210806",
		"Name" : "245 Sumner Street",
		"StructType" : "Building",
		"Project_Id" : 1669,
		"ProjectLnk" : "http://www.bostonplans.org/projects/development-projects/245-Sumner-Street",
		"Status" : "Current",
		"Appear_Dt" : "20180716",
		"Appear_Src" : "Construction complete in Google Oblique 07/16/2018",
		"Disapp_Dt" : null,
		"Disapp_Src" : null,
		"Editor" : "pbcGIS",
		"Edit_Dt" : "20180716",
		"EditAction" : "Updated Status to Current Per May 2018 Article80 Table",
		"Model_ID" : "BOS_0EB97T4",
		"Model_Cred" : "BPDA Urban Design Technology Group",
		"ModelBatch" : "bpda_20170801\\3DNewBuildingin3ds",
		"Model_File" : "245-Sumner-St-SE",
		"Model_Dt" : "20170809",
		"Model_Note" : null,
		"Model_LOD" : 3,
		"Survey_Dt" : "20141209",
		"Survey_Src" : "Modeled from drawings",
		"Centr_Lat" : 42.367928266,
		"Centr_Lon" : -71.0384225588,
		"Gnd_El_Ft" : 6.45115380523,
		"Z_Max_Ft" : 68.9999928333,
		"Z_MIn_Ft" : 6.50011783333,
		"Height_Ft" : 62.5488390281,
		"Tile_ID" : "BOS_I_3",
		"Parcel_ID" : "0105383000",
		"Struct_ID" : null,
		"StructUse" : null,
		"GoogleLnk" : "https://www.google.com/maps/search//@42.3659282656048,-71.038422558763,263a,35y,39.46t/data=!3m1!1e3",
		"NearMapLnk" : "https://apps.nearmap.com/maps/#/@42.3679282656048,-71.038422558763,21.00z,1d/3D",
		"Struct_Lnk" : null,
		"Parcel_Lnk" : "https://app01.cityofboston.gov/AssessingMap/?find=0105383000",
		"RecInitUsr" : "PBCOTE",
		"RecInitDt" : "20210809",
		"fme_feature_type" : "bos3d_models",
		"QA_Flag" : null,
		"QA_Issue" : null,
		"RecModUsr" : "PBCOTE",
		"RecModDt" : "20210809",
		"Centr_X_Ft" : 49802.7605316,
		"Centr_Y_Ft" : 56536.7618458
	}
]