[
	{
		"json_featuretype" : "BOS_I_3 3D Model Collection Issued: 20210806",
		"Name" : null,
		"StructType" : "Wall",
		"Project_Id" : 0,
		"ProjectLnk" : null,
		"Status" : "Current",
		"Appear_Dt" : null,
		"Appear_Src" : "Recorded in 2011 Infotech photogrammetry.",
		"Disapp_Dt" : null,
		"Disapp_Src" : null,
		"Editor" : "PBCOTE",
		"Edit_Dt" : "20210804",
		"EditAction" : "Enrolled as new model",
		"Model_ID" : "BOS_7C0VKYP",
		"Model_Cred" : "pbcGIS",
		"ModelBatch" : "Walls_Docks_20210614",
		"Model_File" : "Walls_Docks_20210609.gdb",
		"Model_Dt" : "20210614",
		"Model_Note" : "Height established from measured infotech height. Depth established from DTM.  Width from Infotech Wall Type.",
		"Model_LOD" : 1.5,
		"Survey_Dt" : "20110401",
		"Survey_Src" : "Recorded in 2011 photogrammetry by Infotech.",
		"Centr_Lat" : 42.3757829911,
		"Centr_Lon" : -71.0559159852,
		"Gnd_El_Ft" : 13.12,
		"Z_Max_Ft" : 13.9987905,
		"Z_MIn_Ft" : 7.29342333334,
		"Height_Ft" : 0.878790500002,
		"Tile_ID" : "BOS_I_3",
		"Parcel_ID" : "0202644020",
		"Struct_ID" : null,
		"StructUse" : null,
		"GoogleLnk" : "https://www.google.com/maps/search//@42.3737829911989,-71.0559159855345,263a,35y,39.46t/data=!3m1!1e3",
		"NearMapLnk" : "https://apps.nearmap.com/maps/#/@42.3757829911989,-71.0559159855345,21.00z,1d/3D",
		"Struct_Lnk" : null,
		"Parcel_Lnk" : "https://app01.cityofboston.gov/AssessingMap/?find=0202644020",
		"RecInitUsr" : "PBCOTE",
		"RecInitDt" : "20210809",
		"fme_feature_type" : "bos3d_models",
		"QA_Flag" : null,
		"QA_Issue" : null,
		"RecModUsr" : "PBCOTE",
		"RecModDt" : "20210809",
		"Centr_X_Ft" : 45060.5077507,
		"Centr_Y_Ft" : 59374.0861343
	}
]