[
	{
		"json_featuretype" : "BOS_I_3 3D Model Collection Issued: 20210806",
		"Name" : "Portside at Pier 1",
		"StructType" : "Building",
		"Project_Id" : 239,
		"ProjectLnk" : "http://www.bostonplans.org/projects/development-projects/Portside-at-Pier-1",
		"Status" : "Current",
		"Appear_Dt" : "20050324",
		"Appear_Src" : "BPDA Board Approved",
		"Disapp_Dt" : null,
		"Disapp_Src" : null,
		"Editor" : "pbcGIS",
		"Edit_Dt" : "20170824",
		"EditAction" : "Added model from UDTG",
		"Model_ID" : "BOS_B2LR4B6",
		"Model_Cred" : "BPDA Urban Design Technology Group",
		"ModelBatch" : "bpda_20170801\\3DNewBuildingin3ds",
		"Model_File" : "Portside-at-Pier-1-Phase-3-EB",
		"Model_Dt" : "20170809",
		"Model_Note" : null,
		"Model_LOD" : 3,
		"Survey_Dt" : "20050324",
		"Survey_Src" : "Modeled from drawings",
		"Centr_Lat" : 42.36489191,
		"Centr_Lon" : -71.0405501053,
		"Gnd_El_Ft" : 6.56,
		"Z_Max_Ft" : 76.9999768333,
		"Z_MIn_Ft" : 10.0001108333,
		"Height_Ft" : 70.4399768333,
		"Tile_ID" : "BOS_I_3",
		"Parcel_ID" : "0104446010",
		"Struct_ID" : null,
		"StructUse" : null,
		"GoogleLnk" : "https://www.google.com/maps/search//@42.3628919098179,-71.0405501086859,263a,35y,39.46t/data=!3m1!1e3",
		"NearMapLnk" : "https://apps.nearmap.com/maps/#/@42.3648919098179,-71.0405501086859,21.00z,1d/3D",
		"Struct_Lnk" : null,
		"Parcel_Lnk" : "https://app01.cityofboston.gov/AssessingMap/?find=0104446010",
		"RecInitUsr" : "PBCOTE",
		"RecInitDt" : "20210809",
		"fme_feature_type" : "bos3d_models",
		"QA_Flag" : null,
		"QA_Issue" : null,
		"RecModUsr" : "PBCOTE",
		"RecModDt" : "20210809",
		"Centr_X_Ft" : 49233.7811454,
		"Centr_Y_Ft" : 55427.1500763
	}
]