[
	{
		"json_featuretype" : "BOS_I_3 3D Model Collection Issued: 20210806",
		"Name" : "MBTA-Maverick-Station-EB",
		"StructType" : "Building",
		"Project_Id" : 888888,
		"ProjectLnk" : null,
		"Status" : "Current",
		"Appear_Dt" : null,
		"Appear_Src" : null,
		"Disapp_Dt" : null,
		"Disapp_Src" : null,
		"Editor" : "pbcGIS",
		"Edit_Dt" : "20170824",
		"EditAction" : "Added model from UDTG",
		"Model_ID" : "BOS_VW3W3JU",
		"Model_Cred" : "BPDA Urban Design Technology Group",
		"ModelBatch" : "bpda_20170801\\3DNewBuildingin3ds",
		"Model_File" : "Copied from UDTG 3D Studio FIle",
		"Model_Dt" : "20170809",
		"Model_Note" : null,
		"Model_LOD" : 3,
		"Survey_Dt" : null,
		"Survey_Src" : "Modeled from drawings",
		"Centr_Lat" : 42.3691226568,
		"Centr_Lon" : -71.0395419475,
		"Gnd_El_Ft" : 13.12,
		"Z_Max_Ft" : 36.0000588333,
		"Z_MIn_Ft" : 13.0001048333,
		"Height_Ft" : 22.8800588333,
		"Tile_ID" : "BOS_I_3",
		"Parcel_ID" : "0105664000",
		"Struct_ID" : null,
		"StructUse" : null,
		"GoogleLnk" : "https://www.google.com/maps/search//@42.367122656195896,-71.0395419472577,263a,35y,39.46t/data=!3m1!1e3",
		"NearMapLnk" : "https://apps.nearmap.com/maps/#/@42.3691226561959,-71.0395419472577,21.00z,1d/3D",
		"Struct_Lnk" : null,
		"Parcel_Lnk" : "https://app01.cityofboston.gov/AssessingMap/?find=0105664000",
		"RecInitUsr" : "PBCOTE",
		"RecInitDt" : "20210809",
		"fme_feature_type" : "bos3d_models",
		"QA_Flag" : null,
		"QA_Issue" : null,
		"RecModUsr" : "PBCOTE",
		"RecModDt" : "20210809",
		"Centr_X_Ft" : 49497.9122461,
		"Centr_Y_Ft" : 56970.3863664
	}
]