[
	{
		"json_featuretype" : "BOS_G_2 3D Model Collection Issued: 20210719",
		"Name" : "108 CAMBRIDGE ST",
		"StructType" : "Building",
		"Project_Id" : 0,
		"Status" : "Current",
		"Appear_Dt" : "18990101",
		"Appear_Src" : "Boston Assessor, 2018",
		"Editor" : "pbcGIS",
		"Edit_Dt" : "20170909",
		"EditAction" : "Inserted multipatches based on extruded  Bos3d_Building_Poly",
		"Model_ID" : "BOS_QDC3A5S",
		"Model_Cred" : "Extruded from 2012 Photogrammetric Footprints and DTM by pbcGIS.",
		"ModelBatch" : "GIS Sources",
		"Model_File" : "Bos3dBase.gdb/Bos3d_Buildings_Poly",
		"Model_Dt" : "20170909",
		"Model_LOD" : 1,
		"Survey_Dt" : "20110401",
		"Survey_Src" : "Photogrammetry by Infotech, 2011",
		"Centr_Lat" : 42.382182796,
		"Centr_Lon" : -71.079372803,
		"Gnd_El_Ft" : 12.4290585538,
		"Z_Max_Ft" : 37.5000558333,
		"Z_MIn_Ft" : 6.50011783333,
		"Height_Ft" : 25.0709972795,
		"Tile_ID" : "BOS_G_2",
		"Parcel_ID" : "0202107000",
		"GoogleLnk" : "https://www.google.com/maps/search//@42.3801827959579,-71.0793728029803,263a,35y,39.46t/data=!3m1!1e3",
		"NearMapLnk" : "https://apps.nearmap.com/maps/#/@42.3821827959579,-71.0793728029803,21.00z,1d/3D",
		"Parcel_Lnk" : "https://app01.cityofboston.gov/AssessingMap/?find=0202107000"
	}
]