[
	{
		"json_featuretype" : "BOS_G_2 3D Model Collection Issued: 20210719",
		"Name" : "18 SPICE ST",
		"StructType" : "Building",
		"Project_Id" : 0,
		"Status" : "Current",
		"Appear_Dt" : "18990101",
		"Appear_Src" : "Boston Assessor, 2018",
		"Editor" : "pbcGIS",
		"Edit_Dt" : "20170824",
		"EditAction" : "Extended bottom by 8 feet",
		"Model_ID" : "BOS_MWQE8TT",
		"Model_Cred" : "Cybercity3D",
		"ModelBatch" : "9/14/2014",
		"Model_File" : "Miscellaneous GeoDatabase Feature-Classes, Assimilated by pbcGIS",
		"Model_Dt" : "20140914",
		"Model_LOD" : 2,
		"Survey_Dt" : "20120401",
		"Survey_Src" : "Photogrammetry by Infotech",
		"Centr_Lat" : 42.3832197163,
		"Centr_Lon" : -71.0746007989,
		"Gnd_El_Ft" : 10.5554971746,
		"Z_Max_Ft" : 57.5000158333,
		"Z_MIn_Ft" : 44.5000418333,
		"Height_Ft" : 46.9445186588,
		"Tile_ID" : "BOS_G_2",
		"Parcel_ID" : "0202155000",
		"GoogleLnk" : "https://www.google.com/maps/search//@42.381219716252694,-71.0746007988837,263a,35y,39.46t/data=!3m1!1e3",
		"NearMapLnk" : "https://apps.nearmap.com/maps/#/@42.3832197162527,-71.0746007988837,21.00z,1d/3D",
		"Parcel_Lnk" : "https://app01.cityofboston.gov/AssessingMap/?find=0202155000"
	}
]