[
	{
		"json_featuretype" : "BOS_G_2 3D Model Collection Issued: 20210719",
		"StructType" : "BLDG",
		"Project_Id" : 0,
		"Status" : "Demolished",
		"Appear_Dt" : "20070101",
		"Appear_Src" : "Boston Assessor, 2018",
		"Editor" : "pbcGIS",
		"Edit_Dt" : "20170909",
		"EditAction" : "Inserted multipatches based on extruded  Bos3d_Building_Poly",
		"Model_ID" : "BOS_5AZYW17",
		"ModelBatch" : "9/9/2017",
		"Model_File" : "Bos3dBase.gdb/Bos3d_Buildings_Poly",
		"Model_Dt" : "20170909",
		"Model_LOD" : 1,
		"Survey_Dt" : "20110401",
		"Survey_Src" : "Photogrammetry by Infotech, 2011",
		"Centr_Lat" : 42.3846470419,
		"Centr_Lon" : -71.0776878616,
		"Gnd_El_Ft" : 16.4,
		"Z_Max_Ft" : 70.4999898333,
		"Z_MIn_Ft" : 19.5000918333,
		"Height_Ft" : 54.0999898333,
		"Tile_ID" : "BOS_G_2",
		"Parcel_ID" : "0201912010",
		"StructUse" : "A",
		"GoogleLnk" : "https://www.google.com/maps/search//@42.3826470418689,-71.0776878615581,263a,35y,39.46t/data=!3m1!1e3",
		"NearMapLnk" : "https://apps.nearmap.com/maps/#/@42.3846470418689,-71.0776878615581,21.00z,1d/3D",
		"Parcel_Lnk" : "https://app01.cityofboston.gov/AssessingMap/?find=0201912010"
	}
]