[
	{
		"json_featuretype" : "BOS_I_3 3D Model Collection Issued: 20210806",
		"Name" : "44 Prince Street",
		"StructType" : "Building",
		"Project_Id" : 1010,
		"ProjectLnk" : null,
		"Status" : "Current",
		"Appear_Dt" : "20040129",
		"Appear_Src" : "BPDA Board Approved",
		"Disapp_Dt" : null,
		"Disapp_Src" : null,
		"Editor" : "pbcGIS",
		"Edit_Dt" : "20170824",
		"EditAction" : "Added model from UDTG",
		"Model_ID" : "BOS_TKVF75L",
		"Model_Cred" : "BPDA Urban Design Technology Group",
		"ModelBatch" : "bpda_20170801\\3DNewBuildingin3ds",
		"Model_File" : "44-Prince-St-NE",
		"Model_Dt" : "20170809",
		"Model_Note" : null,
		"Model_LOD" : 3,
		"Survey_Dt" : "20040129",
		"Survey_Src" : "Modeled from drawings",
		"Centr_Lat" : 42.3644419417,
		"Centr_Lon" : -71.0549616239,
		"Gnd_El_Ft" : 19.68,
		"Z_Max_Ft" : 68.9999928333,
		"Z_MIn_Ft" : 19.5000918333,
		"Height_Ft" : 49.3199928333,
		"Tile_ID" : "BOS_I_3",
		"Parcel_ID" : "0302347000",
		"Struct_ID" : null,
		"StructUse" : null,
		"GoogleLnk" : "https://www.google.com/maps/search//@42.3624419420415,-71.0549616246831,263a,35y,39.46t/data=!3m1!1e3",
		"NearMapLnk" : "https://apps.nearmap.com/maps/#/@42.3644419420415,-71.0549616246831,21.00z,1d/3D",
		"Struct_Lnk" : null,
		"Parcel_Lnk" : "https://app01.cityofboston.gov/AssessingMap/?find=0302347000",
		"RecInitUsr" : "PBCOTE",
		"RecInitDt" : "20210809",
		"fme_feature_type" : "bos3d_models",
		"QA_Flag" : null,
		"QA_Issue" : null,
		"RecModUsr" : "PBCOTE",
		"RecModDt" : "20210809",
		"Centr_X_Ft" : 45339.9421299,
		"Centr_Y_Ft" : 55242.52307
	}
]