<metadata xml:lang="en"><Esri><CreaDate>20210309</CreaDate><CreaTime>11260700</CreaTime><ArcGISFormat>1.0</ArcGISFormat><SyncOnce>FALSE</SyncOnce><DataProperties><lineage><Process Name="Create Fishnet" ToolSource="c:\program files\arcgis\pro\Resources\ArcToolbox\toolboxes\Data Management Tools.tbx\CreateFishnet" Date="20210309" Time="112607">CreateFishnet F:\current_work\projects\metro3d\metro3d_data\metro3d_data.gdb\metro3d_tile_polys "731100 2902900" "731100 2902910" 5000 5000 # # "816100 2977900" NO_LABELS "731100 2902900 816100 2977900" Polygon</Process><Process Name="Add Fields (multiple)" ToolSource="c:\program files\arcgis\pro\Resources\ArcToolbox\toolboxes\Data Management Tools.tbx\AddFields" Date="20210309" Time="112612">AddFields F:\current_work\projects\metro3d\metro3d_data\metro3d_data.gdb\metro3d_tile_polys "tile_id TEXT # 25 # #;tile_label TEXT # 10 # #;town TEXT # 50 # #;grid_col TEXT # 10 # #;grid_row TEXT # 10 # #;town_code TEXT # 10 # #;BosShift_X LONG # # # #;BosShift_Y LONG # # # #;Lat DOUBLE # # # #;Lon DOUBLE # # # #;MASP_X LONG # # # #;MASP_Y LONG # # # #"</Process><Process Name="Calculate Geometry Attributes (2)" ToolSource="c:\program files\arcgis\pro\Resources\ArcToolbox\toolboxes\Data Management Tools.tbx\CalculateGeometryAttributes" Date="20210309" Time="112700">CalculateGeometryAttributes F:\current_work\projects\metro3d\metro3d_data\metro3d_data.gdb\metro3d_tile_polys "BosShift_X INSIDE_X;BosShift_Y INSIDE_Y" # # PROJCS['BOS_MaSP_Shift',GEOGCS['GCS_North_American_1983',DATUM['D_North_American_1983',SPHEROID['GRS_1980',6378137.0,298.257222101]],PRIMEM['Greenwich',0.0],UNIT['Degree',0.0174532925199433]],PROJECTION['Lambert_Conformal_Conic'],PARAMETER['False_Easting',-76033.33333333],PARAMETER['False_Northing',-442275.0],PARAMETER['Central_Meridian',-71.5],PARAMETER['Standard_Parallel_1',41.71666666666667],PARAMETER['Standard_Parallel_2',42.68333333333333],PARAMETER['Scale_Factor',1.0],PARAMETER['Latitude_Of_Origin',41.0],UNIT['Foot_US',0.3048006096012192]] "Same as input"</Process><Process Name="Calculate Geometry Attributes (3)" ToolSource="c:\program files\arcgis\pro\Resources\ArcToolbox\toolboxes\Data Management Tools.tbx\CalculateGeometryAttributes" Date="20210309" Time="112901">CalculateGeometryAttributes F:\current_work\projects\metro3d\metro3d_data\metro3d_data.gdb\metro3d_tile_polys "Lat INSIDE_X;Lon INSIDE_Y" # # GEOGCS['GCS_WGS_1984',DATUM['D_WGS_1984',SPHEROID['WGS_1984',6378137.0,298.257223563]],PRIMEM['Greenwich',0.0],UNIT['Degree',0.0174532925199433]] "Same as input"</Process><Process Name="Calculate Geometry Attributes (4)" ToolSource="c:\program files\arcgis\pro\Resources\ArcToolbox\toolboxes\Data Management Tools.tbx\CalculateGeometryAttributes" Date="20210309" Time="113103">CalculateGeometryAttributes F:\current_work\projects\metro3d\metro3d_data\metro3d_data.gdb\metro3d_tile_polys "MASP_X INSIDE_X;MASP_Y INSIDE_Y" # # PROJCS['NAD_1983_StatePlane_Massachusetts_Mainland_FIPS_2001_Feet',GEOGCS['GCS_North_American_1983',DATUM['D_North_American_1983',SPHEROID['GRS_1980',6378137.0,298.257222101]],PRIMEM['Greenwich',0.0],UNIT['Degree',0.0174532925199433]],PROJECTION['Lambert_Conformal_Conic'],PARAMETER['False_Easting',656166.6666666665],PARAMETER['False_Northing',2460625.0],PARAMETER['Central_Meridian',-71.5],PARAMETER['Standard_Parallel_1',41.71666666666667],PARAMETER['Standard_Parallel_2',42.68333333333333],PARAMETER['Latitude_Of_Origin',41.0],UNIT['Foot_US',0.3048006096012192]],VERTCS['NAVD88_height_(ftUS)',VDATUM['North_American_Vertical_Datum_1988'],PARAMETER['Vertical_Shift',0.0],PARAMETER['Direction',1.0],UNIT['Foot_US',0.3048006096012192]] "Same as input"</Process><Process Name="Calculate Field" ToolSource="c:\program files\arcgis\pro\Resources\ArcToolbox\toolboxes\Data Management Tools.tbx\CalculateField" Date="20210309" Time="113232">CalculateField metro3d_tile_polys_Layer town_code "BOS" "Python 3" # Text</Process><Process Name="Calculate Field (2)" ToolSource="c:\program files\arcgis\pro\Resources\ArcToolbox\toolboxes\Data Management Tools.tbx\CalculateField" Date="20210309" Time="113232">CalculateField tmp_bos_tiles grid_row calcgridrow(!BosShift_Y!) "Python 3" "rows = ['1','2','3','4','5','6','7','8','9','10','11','12','13','14','15']

def calcgridrow(center_y):
    row_index = int((71500 - center_y ) / 5000)
    print('Row Index is ' + str(row_index))
    if ((row_index &gt;= 0) and (row_index &lt;= 14)):
        return rows[row_index]
    else: return None" Text</Process><Process Name="Calculate Field (3)" ToolSource="c:\program files\arcgis\pro\Resources\ArcToolbox\toolboxes\Data Management Tools.tbx\CalculateField" Date="20210309" Time="113233">CalculateField tmp_bos_tiles grid_col calcgridcol(!BosShift_X!) "Python 3" "cols = ['A','B','C','D','E','F','G','H','I','J','K','L','M','N','O','P']

def calcgridcol(center_x):
    col_index = (int((center_x - 2500) / 5000))
    print('Col Index is ' + str(col_index))
    if ((col_index &gt;= 0) and (col_index &lt;=15)):
        return cols[col_index]
    else: return None" Text</Process><Process Name="Calculate Field (4)" ToolSource="c:\program files\arcgis\pro\Resources\ArcToolbox\toolboxes\Data Management Tools.tbx\CalculateField" Date="20210309" Time="113233">CalculateField tmp_bos_tiles tile_id "str(!town_code!) + "_" + str(!grid_col!) + "_" + str(!grid_row!)" "Python 3" # Text</Process><Process Name="Calculate Field (5)" ToolSource="c:\program files\arcgis\pro\Resources\ArcToolbox\toolboxes\Data Management Tools.tbx\CalculateField" Date="20210309" Time="113233">CalculateField tmp_bos_tiles tile_label "str(!grid_col!) + "-" + str(!grid_row!)" "Python 3" # Text</Process><Process Name="Dissolve" ToolSource="c:\program files\arcgis\pro\Resources\ArcToolbox\toolboxes\Data Management Tools.tbx\Dissolve" Date="20210309" Time="113357">Dissolve F:\current_work\projects\metro3d\metro3d_data\metro3d_data.gdb\metro3d_tile_polys F:\current_work\projects\metro3d\metro3d_data\metro3d_data.gdb\metro_tile_boundary # # SINGLE_PART DISSOLVE_LINES</Process><Process ToolSource="c:\program files\arcgis\pro\Resources\ArcToolbox\toolboxes\Conversion Tools.tbx\FeatureClassToFeatureClass" Date="20210604" Time="061715">FeatureClassToFeatureClass metro_tile_boundary F:\current_work\projects\Boston\Bos3d\Bos3dMaster\Bos3dData\Bos3dBase.gdb Metro3d_Tile_Boundary # "Shape_Length "Shape_Length" false true true 8 Double 0 0,First,#,metro_tile_boundary,Shape_Length,-1,-1;Shape_Area "Shape_Area" false true true 8 Double 0 0,First,#,metro_tile_boundary,Shape_Area,-1,-1" #</Process><Process ToolSource="c:\program files\arcgis\pro\Resources\ArcToolbox\toolboxes\Conversion Tools.tbx\FeatureClassToFeatureClass" Date="20210630" Time="145416">FeatureClassToFeatureClass Metro3d_Tile_Parts\Metro3d_Tile_Boundary F:\current_work\projects\metro3d\sources\bostonmetro3d Bos3d_TileBdy_Poly_2.shp # "Shape_Length "Shape_Length" false true true 8 Double 0 0,First,#,Metro3d_Tile_Parts\Metro3d_Tile_Boundary,Shape_Length,-1,-1;Shape_Area "Shape_Area" false true true 8 Double 0 0,First,#,Metro3d_Tile_Parts\Metro3d_Tile_Boundary,Shape_Area,-1,-1" #</Process><Process ToolSource="c:\program files\arcgis\pro\Resources\ArcToolbox\toolboxes\Conversion Tools.tbx\FeatureClassToFeatureClass" Date="20210701" Time="124527">FeatureClassToFeatureClass Metro3d_Tile_Parts\Bos3d_TileBdy_Poly_2 F:\current_work\projects\Boston\Bos3d\Bos3dMaster\Bos3dData\Bos3dBase.gdb Metro3d_TileGrid_Limit_Poly # "Shape_Leng "Shape_Leng" true true false 19 Double 0 0,First,#,Metro3d_Tile_Parts\Bos3d_TileBdy_Poly_2,Shape_Leng,-1,-1;Shape_Area "Shape_Area" true true false 19 Double 0 0,First,#,Metro3d_Tile_Parts\Bos3d_TileBdy_Poly_2,Shape_Area,-1,-1" #</Process><Process Name="Copy Features (4)" ToolSource="c:\program files\arcgis\pro\Resources\ArcToolbox\toolboxes\Data Management Tools.tbx\CopyFeatures" Date="20210703" Time="090013">CopyFeatures Metro3d_Tile_Parts\Metro3d_TileGrid_Limit_Poly F:\current_work\projects\Boston\Bos3d\Bos3dDevpbc\Workflows\create_grid\Bos3d_Downloads\Bos3d_CityWide_Data\Bos3d_TIleGrid\Bos3d_TileGrid_Limit_Poly.shp # # # #</Process></lineage><itemProps><itemName Sync="TRUE">Bos3d_TileGrid_Limit_Poly</itemName><imsContentType Sync="TRUE">002</imsContentType><itemLocation><linkage Sync="TRUE">file://\\DESKTOP-B8NSRQR\current_work\projects\Boston\Bos3d\Bos3dDevpbc\Workflows\create_grid\Bos3d_Downloads\Bos3d_CityWide_Data\Bos3d_TIleGrid\Bos3d_TileGrid_Limit_Poly.shp</linkage><protocol Sync="TRUE">Local Area Network</protocol></itemLocation><itemSize Sync="TRUE">0.000</itemSize></itemProps><coordRef><type Sync="TRUE">Projected</type><geogcsn Sync="TRUE">GCS_North_American_1983</geogcsn><csUnits Sync="TRUE">Linear Unit: Foot_US (0.304801)</csUnits><projcsn Sync="TRUE">NAD_1983_StatePlane_Massachusetts_Mainland_FIPS_2001_Feet</projcsn><peXml Sync="TRUE">&lt;ProjectedCoordinateSystem xsi:type='typens:ProjectedCoordinateSystem' xmlns:xsi='http://www.w3.org/2001/XMLSchema-instance' xmlns:xs='http://www.w3.org/2001/XMLSchema' xmlns:typens='http://www.esri.com/schemas/ArcGIS/2.8.0'&gt;&lt;WKT&gt;PROJCS[&amp;quot;NAD_1983_StatePlane_Massachusetts_Mainland_FIPS_2001_Feet&amp;quot;,GEOGCS[&amp;quot;GCS_North_American_1983&amp;quot;,DATUM[&amp;quot;D_North_American_1983&amp;quot;,SPHEROID[&amp;quot;GRS_1980&amp;quot;,6378137.0,298.257222101]],PRIMEM[&amp;quot;Greenwich&amp;quot;,0.0],UNIT[&amp;quot;Degree&amp;quot;,0.0174532925199433]],PROJECTION[&amp;quot;Lambert_Conformal_Conic&amp;quot;],PARAMETER[&amp;quot;False_Easting&amp;quot;,656166.6666666665],PARAMETER[&amp;quot;False_Northing&amp;quot;,2460625.0],PARAMETER[&amp;quot;Central_Meridian&amp;quot;,-71.5],PARAMETER[&amp;quot;Standard_Parallel_1&amp;quot;,41.71666666666667],PARAMETER[&amp;quot;Standard_Parallel_2&amp;quot;,42.68333333333333],PARAMETER[&amp;quot;Latitude_Of_Origin&amp;quot;,41.0],UNIT[&amp;quot;Foot_US&amp;quot;,0.3048006096012192],AUTHORITY[&amp;quot;EPSG&amp;quot;,2249]],VERTCS[&amp;quot;NAVD88_height_(ftUS)&amp;quot;,VDATUM[&amp;quot;North_American_Vertical_Datum_1988&amp;quot;],PARAMETER[&amp;quot;Vertical_Shift&amp;quot;,0.0],PARAMETER[&amp;quot;Direction&amp;quot;,1.0],UNIT[&amp;quot;Foot_US&amp;quot;,0.3048006096012192],AUTHORITY[&amp;quot;EPSG&amp;quot;,6360]]&lt;/WKT&gt;&lt;XOrigin&gt;-119851500&lt;/XOrigin&gt;&lt;YOrigin&gt;-94498200&lt;/YOrigin&gt;&lt;XYScale&gt;37371882.687749371&lt;/XYScale&gt;&lt;ZOrigin&gt;-100000&lt;/ZOrigin&gt;&lt;ZScale&gt;3048.0060960121918&lt;/ZScale&gt;&lt;MOrigin&gt;-100000&lt;/MOrigin&gt;&lt;MScale&gt;10000&lt;/MScale&gt;&lt;XYTolerance&gt;0.0032808333333333331&lt;/XYTolerance&gt;&lt;ZTolerance&gt;0.0032808333333333331&lt;/ZTolerance&gt;&lt;MTolerance&gt;0.001&lt;/MTolerance&gt;&lt;HighPrecision&gt;true&lt;/HighPrecision&gt;&lt;WKID&gt;102686&lt;/WKID&gt;&lt;LatestWKID&gt;2249&lt;/LatestWKID&gt;&lt;VCSWKID&gt;105703&lt;/VCSWKID&gt;&lt;LatestVCSWKID&gt;6360&lt;/LatestVCSWKID&gt;&lt;/ProjectedCoordinateSystem&gt;</peXml></coordRef></DataProperties><SyncDate>20210703</SyncDate><SyncTime>09001200</SyncTime><ModDate>20210703</ModDate><ModTime>09001200</ModTime></Esri><dataIdInfo><envirDesc Sync="TRUE">Microsoft Windows 10 Version 10.0 (Build 19041) ; Esri ArcGIS 12.8.0.29751</envirDesc><dataLang><languageCode value="eng" Sync="TRUE"></languageCode><countryCode value="USA" Sync="TRUE"></countryCode></dataLang><idCitation><resTitle Sync="TRUE">Bos3d_TileGrid_Limit_Poly</resTitle><presForm><PresFormCd value="005" Sync="TRUE"></PresFormCd></presForm></idCitation><spatRpType><SpatRepTypCd value="001" Sync="TRUE"></SpatRepTypCd></spatRpType></dataIdInfo><mdLang><languageCode value="eng" Sync="TRUE"></languageCode><countryCode value="USA" Sync="TRUE"></countryCode></mdLang><distInfo><distFormat><formatName Sync="TRUE">Shapefile</formatName></distFormat><distTranOps><transSize Sync="TRUE">0.000</transSize></distTranOps></distInfo><mdHrLv><ScopeCd value="005" Sync="TRUE"></ScopeCd></mdHrLv><mdHrLvName Sync="TRUE">dataset</mdHrLvName><refSysInfo><RefSystem><refSysID><identCode code="2249" Sync="TRUE"></identCode><idCodeSpace Sync="TRUE">EPSG</idCodeSpace><idVersion Sync="TRUE">5.3(9.0.0)</idVersion></refSysID></RefSystem></refSysInfo><spatRepInfo><VectSpatRep><geometObjs Name="Bos3d_TileGrid_Limit_Poly"><geoObjTyp><GeoObjTypCd value="002" Sync="TRUE"></GeoObjTypCd></geoObjTyp><geoObjCnt Sync="TRUE">0</geoObjCnt></geometObjs><topLvl><TopoLevCd value="001" Sync="TRUE"></TopoLevCd></topLvl></VectSpatRep></spatRepInfo><spdoinfo><ptvctinf><esriterm Name="Bos3d_TileGrid_Limit_Poly"><efeatyp Sync="TRUE">Simple</efeatyp><efeageom code="4" Sync="TRUE"></efeageom><esritopo Sync="TRUE">FALSE</esritopo><efeacnt Sync="TRUE">0</efeacnt><spindex Sync="TRUE">FALSE</spindex><linrefer Sync="TRUE">FALSE</linrefer></esriterm></ptvctinf></spdoinfo><eainfo><detailed Name="Bos3d_TileGrid_Limit_Poly"><enttyp><enttypl Sync="TRUE">Bos3d_TileGrid_Limit_Poly</enttypl><enttypt Sync="TRUE">Feature Class</enttypt><enttypc Sync="TRUE">0</enttypc></enttyp><attr><attrlabl Sync="TRUE">FID</attrlabl><attalias Sync="TRUE">FID</attalias><attrtype Sync="TRUE">OID</attrtype><attwidth Sync="TRUE">4</attwidth><atprecis Sync="TRUE">0</atprecis><attscale Sync="TRUE">0</attscale><attrdef Sync="TRUE">Internal feature number.</attrdef><attrdefs Sync="TRUE">Esri</attrdefs><attrdomv><udom Sync="TRUE">Sequential unique whole numbers that are automatically generated.</udom></attrdomv></attr><attr><attrlabl Sync="TRUE">Shape</attrlabl><attalias Sync="TRUE">Shape</attalias><attrtype Sync="TRUE">Geometry</attrtype><attwidth Sync="TRUE">0</attwidth><atprecis Sync="TRUE">0</atprecis><attscale Sync="TRUE">0</attscale><attrdef Sync="TRUE">Feature geometry.</attrdef><attrdefs Sync="TRUE">Esri</attrdefs><attrdomv><udom Sync="TRUE">Coordinates defining the features.</udom></attrdomv></attr><attr><attrlabl Sync="TRUE">Shape_Leng</attrlabl><attalias Sync="TRUE">Shape_Leng</attalias><attrtype Sync="TRUE">Double</attrtype><attwidth Sync="TRUE">19</attwidth><atprecis Sync="TRUE">0</atprecis><attscale Sync="TRUE">0</attscale></attr><attr><attrlabl Sync="TRUE">Shape_Le_1</attrlabl><attalias Sync="TRUE">Shape_Le_1</attalias><attrtype Sync="TRUE">Double</attrtype><attwidth Sync="TRUE">19</attwidth><atprecis Sync="TRUE">0</atprecis><attscale Sync="TRUE">0</attscale></attr><attr><attrlabl Sync="TRUE">Shape_Area</attrlabl><attalias Sync="TRUE">Shape_Area</attalias><attrtype Sync="TRUE">Double</attrtype><attwidth Sync="TRUE">19</attwidth><atprecis Sync="TRUE">0</atprecis><attscale Sync="TRUE">0</attscale><attrdef Sync="TRUE">Area of feature in internal units squared.</attrdef><attrdefs Sync="TRUE">Esri</attrdefs><attrdomv><udom Sync="TRUE">Positive real numbers that are automatically generated.</udom></attrdomv></attr></detailed></eainfo><mdDateSt Sync="TRUE">20210703</mdDateSt></metadata>
