[
	{
		"json_featuretype" : "BOS_G_2 3D Model Collection Issued: 20210719",
		"Name" : "Mezzo Design Lofts",
		"StructType" : "Building",
		"Project_Id" : 236,
		"Status" : "Current",
		"Appear_Dt" : "20020110",
		"Appear_Src" : "BPDA Board Approved",
		"Editor" : "pbcGIS",
		"Edit_Dt" : "20170824",
		"EditAction" : "Added model from UDTG",
		"Model_ID" : "BOS_L2PQUOK",
		"Model_Cred" : "BPDA Urban Design Technology Group",
		"ModelBatch" : "bpda_20170801\\3DNewBuildingin3ds",
		"Model_File" : "Little-Neck-Lofts-Charlestown",
		"Model_Dt" : "20170809",
		"Model_LOD" : 3,
		"Survey_Dt" : "20020110",
		"Survey_Src" : "Modeled from drawings",
		"Centr_Lat" : 42.3846791572,
		"Centr_Lon" : -71.0777847124,
		"Gnd_El_Ft" : 16.4,
		"Z_Max_Ft" : 85.4999598333,
		"Z_MIn_Ft" : 19.5000918333,
		"Height_Ft" : 69.0999598333,
		"Tile_ID" : "BOS_G_2",
		"Parcel_ID" : "0201912010",
		"GoogleLnk" : "https://www.google.com/maps/search//@42.382679157244795,-71.0777847124446,263a,35y,39.46t/data=!3m1!1e3",
		"NearMapLnk" : "https://apps.nearmap.com/maps/#/@42.3846791572448,-71.0777847124446,21.00z,1d/3D",
		"Parcel_Lnk" : "https://app01.cityofboston.gov/AssessingMap/?find=0201912010"
	}
]