[
	{
		"json_featuretype" : "BOS_I_3 3D Model Collection Issued: 20210806",
		"Name" : null,
		"StructType" : "Building",
		"Project_Id" : 0,
		"ProjectLnk" : null,
		"Status" : "Demolished",
		"Appear_Dt" : "19600101",
		"Appear_Src" : "Boston Assessor, 2018",
		"Disapp_Dt" : "20170826",
		"Disapp_Src" : "Nearmap",
		"Editor" : "pj",
		"Edit_Dt" : "20210802",
		"EditAction" : "Updated Status info based on aerial photos",
		"Model_ID" : "BOS_1A1XQAG",
		"Model_Cred" : null,
		"ModelBatch" : "9/9/2017",
		"Model_File" : "Bos3dBase.gdb/Bos3d_Buildings_Poly",
		"Model_Dt" : "20170909",
		"Model_Note" : null,
		"Model_LOD" : 1,
		"Survey_Dt" : "20110401",
		"Survey_Src" : "Photogrammetry by Infotech, 2011",
		"Centr_Lat" : 42.3727833121,
		"Centr_Lon" : -71.0410443126,
		"Gnd_El_Ft" : 6.56,
		"Z_Max_Ft" : 39.5000518333,
		"Z_MIn_Ft" : 5.00012083334,
		"Height_Ft" : 32.9400518333,
		"Tile_ID" : "BOS_I_3",
		"Parcel_ID" : "0105590100",
		"Struct_ID" : null,
		"StructUse" : "RC",
		"GoogleLnk" : "https://www.google.com/maps/search//@42.370783311842494,-71.0410443117899,263a,35y,39.46t/data=!3m1!1e3",
		"NearMapLnk" : "https://apps.nearmap.com/maps/#/@42.3727833118425,-71.0410443117899,21.00z,1d/3D",
		"Struct_Lnk" : null,
		"Parcel_Lnk" : "https://app01.cityofboston.gov/AssessingMap/?find=0105590100",
		"RecInitUsr" : "PBCOTE",
		"RecInitDt" : "20210809",
		"fme_feature_type" : "bos3d_models",
		"QA_Flag" : null,
		"QA_Issue" : null,
		"RecModUsr" : "PBCOTE",
		"RecModDt" : "20210809",
		"Centr_X_Ft" : 49084.7491862,
		"Centr_Y_Ft" : 58302.2140198
	}
]