[
	{
		"json_featuretype" : "BOS_I_3 3D Model Collection Issued: 20210806",
		"Name" : "151 Liverpool Street",
		"StructType" : "Building",
		"Project_Id" : 3055,
		"ProjectLnk" : "http://www.bostonplans.org/projects/development-projects/151-Liverpool-Street",
		"Status" : "Board Approved",
		"Appear_Dt" : null,
		"Appear_Src" : null,
		"Disapp_Dt" : null,
		"Disapp_Src" : null,
		"Editor" : "PJ",
		"Edit_Dt" : "20191024",
		"EditAction" : "Updated Status",
		"Model_ID" : "BOS_L3QAV2Q",
		"Model_Cred" : "BPDA Urban Design Technology Group",
		"ModelBatch" : "bpda_20170801\\3DNewBuildingin3ds",
		"Model_File" : "151-Liverpool-St-SE",
		"Model_Dt" : "20170809",
		"Model_Note" : null,
		"Model_LOD" : 3,
		"Survey_Dt" : null,
		"Survey_Src" : "Modeled from drawings",
		"Centr_Lat" : 42.3734618823,
		"Centr_Lon" : -71.0396479637,
		"Gnd_El_Ft" : 6.56,
		"Z_Max_Ft" : 76.9999768333,
		"Z_MIn_Ft" : 6.50011783333,
		"Height_Ft" : 70.4399768333,
		"Tile_ID" : "BOS_I_3",
		"Parcel_ID" : "0105462000",
		"Struct_ID" : null,
		"StructUse" : null,
		"GoogleLnk" : "https://www.google.com/maps/search//@42.3714618820023,-71.0396479648823,263a,35y,39.46t/data=!3m1!1e3",
		"NearMapLnk" : "https://apps.nearmap.com/maps/#/@42.3734618820023,-71.0396479648823,21.00z,1d/3D",
		"Struct_Lnk" : null,
		"Parcel_Lnk" : "https://app01.cityofboston.gov/AssessingMap/?find=0105462000",
		"RecInitUsr" : "PBCOTE",
		"RecInitDt" : "20210809",
		"fme_feature_type" : "bos3d_models",
		"QA_Flag" : null,
		"QA_Issue" : null,
		"RecModUsr" : "PBCOTE",
		"RecModDt" : "20210809",
		"Centr_X_Ft" : 49460.7288304,
		"Centr_Y_Ft" : 58551.5319476
	}
]