[
	{
		"json_featuretype" : "BOS_I_3 3D Model Collection Issued: 20210806",
		"Name" : "Harborview Point - Parcel 4",
		"StructType" : "Building",
		"Project_Id" : 787,
		"ProjectLnk" : null,
		"Status" : "Current",
		"Appear_Dt" : "20170824",
		"Appear_Src" : "UDTG Model",
		"Disapp_Dt" : null,
		"Disapp_Src" : null,
		"Editor" : "pbcGIS",
		"Edit_Dt" : "20170824",
		"EditAction" : "Added model from UDTG",
		"Model_ID" : "BOS_DPJUAOT",
		"Model_Cred" : "BPDA Urban Design Technology Group",
		"ModelBatch" : "bpda_20170801\\3DNewBuildingin3ds",
		"Model_File" : "Harborview-Charlestown-Navy-Yard",
		"Model_Dt" : "20170809",
		"Model_Note" : null,
		"Model_LOD" : 3,
		"Survey_Dt" : null,
		"Survey_Src" : "Modeled from drawings",
		"Centr_Lat" : 42.377377108,
		"Centr_Lon" : -71.0498899372,
		"Gnd_El_Ft" : 9.84,
		"Z_Max_Ft" : 130.999868833,
		"Z_MIn_Ft" : 6.50011783333,
		"Height_Ft" : 121.159868833,
		"Tile_ID" : "BOS_I_3",
		"Parcel_ID" : "0203517600",
		"Struct_ID" : null,
		"StructUse" : null,
		"GoogleLnk" : "https://www.google.com/maps/search//@42.3753771082248,-71.0498899375144,263a,35y,39.46t/data=!3m1!1e3",
		"NearMapLnk" : "https://apps.nearmap.com/maps/#/@42.3773771082248,-71.0498899375144,21.00z,1d/3D",
		"Struct_Lnk" : null,
		"Parcel_Lnk" : "https://app01.cityofboston.gov/AssessingMap/?find=0203517600",
		"RecInitUsr" : "PBCOTE",
		"RecInitDt" : "20210809",
		"fme_feature_type" : "bos3d_models",
		"QA_Flag" : null,
		"QA_Issue" : null,
		"RecModUsr" : "PBCOTE",
		"RecModDt" : "20210809",
		"Centr_X_Ft" : 46685.6940976,
		"Centr_Y_Ft" : 59963.5499629
	}
]