[
	{
		"json_featuretype" : "BOS_I_3 3D Model Collection Issued: 20210806",
		"Name" : "Coppersmith Village Development",
		"StructType" : "Building",
		"Project_Id" : 1585,
		"ProjectLnk" : "http://www.bostonplans.org/projects/development-projects/Coppersmith-Village-Development",
		"Status" : "Current",
		"Appear_Dt" : "20191107",
		"Appear_Src" : "Art 80 Review Log",
		"Disapp_Dt" : null,
		"Disapp_Src" : null,
		"Editor" : "PBCOTE",
		"Edit_Dt" : "20210804",
		"EditAction" : "Shift Lower per Bos3d_elevation North East per aerial",
		"Model_ID" : "BOS_26SHQLU",
		"Model_Cred" : "BPDA Urban Design Technology Group",
		"ModelBatch" : "edits_20210527",
		"Model_File" : "Coppersmith-Village-Development-EB",
		"Model_Dt" : "20191025",
		"Model_Note" : null,
		"Model_LOD" : 3,
		"Survey_Dt" : null,
		"Survey_Src" : "Handmade from drawings",
		"Centr_Lat" : 42.3724264435,
		"Centr_Lon" : -71.0412488802,
		"Gnd_El_Ft" : 6.56,
		"Z_Max_Ft" : 89.9999508333,
		"Z_MIn_Ft" : 8.50011383335,
		"Height_Ft" : 83.4399508333,
		"Tile_ID" : "BOS_I_3",
		"Parcel_ID" : "0105590100",
		"Struct_ID" : null,
		"StructUse" : null,
		"GoogleLnk" : "https://www.google.com/maps/search//@42.3704264093078,-71.0412488515203,263a,35y,39.46t/data=!3m1!1e3",
		"NearMapLnk" : "https://apps.nearmap.com/maps/#/@42.3724264093078,-71.0412488515203,21.00z,1d/3D",
		"Struct_Lnk" : null,
		"Parcel_Lnk" : "https://app01.cityofboston.gov/AssessingMap/?find=0105590100",
		"RecInitUsr" : "PBCOTE",
		"RecInitDt" : "20210809",
		"fme_feature_type" : "bos3d_models",
		"QA_Flag" : null,
		"QA_Issue" : null,
		"RecModUsr" : "PBCOTE",
		"RecModDt" : "20210809",
		"Centr_X_Ft" : 49030.171106,
		"Centr_Y_Ft" : 58171.8664329
	}
]