[
	{
		"json_featuretype" : "BOS_I_3 3D Model Collection Issued: 20210806",
		"Name" : "125 Sumner Street",
		"StructType" : "Building",
		"Project_Id" : 2203,
		"ProjectLnk" : "http://www.bostonplans.org/getattachment/c3f5796a-7a2e-4f43-9d08-eb5d289cdd3f",
		"Status" : "Construction Complete",
		"Appear_Dt" : "20210327",
		"Appear_Src" : "Nearmap 3/27/2021",
		"Disapp_Dt" : null,
		"Disapp_Src" : null,
		"Editor" : "pbc",
		"Edit_Dt" : "20210805",
		"EditAction" : "Updated Status",
		"Model_ID" : "BOS_IYK84UK",
		"Model_Cred" : "BPDA Urban Design Technology Group",
		"ModelBatch" : "bpda_20180625\\3DNewBuildingin3ds_5SEPT17",
		"Model_File" : "125-Sumner-St-EB-2017.3DS",
		"Model_Dt" : "20170905",
		"Model_Note" : null,
		"Model_LOD" : 3,
		"Survey_Dt" : "20170905",
		"Survey_Src" : "Modeled from drawings.",
		"Centr_Lat" : 42.3692136394,
		"Centr_Lon" : -71.0415514735,
		"Gnd_El_Ft" : 8.12385550915,
		"Z_Max_Ft" : 55.5000198333,
		"Z_MIn_Ft" : 11.0001088333,
		"Height_Ft" : 47.3761643242,
		"Tile_ID" : "BOS_I_3",
		"Parcel_ID" : "0105401000",
		"Struct_ID" : null,
		"StructUse" : null,
		"GoogleLnk" : "https://www.google.com/maps/search//@42.367213639301795,-71.0415514744067,263a,35y,39.46t/data=!3m1!1e3",
		"NearMapLnk" : "https://apps.nearmap.com/maps/#/@42.3692136393018,-71.0415514744067,21.00z,1d/3D",
		"Struct_Lnk" : null,
		"Parcel_Lnk" : "https://app01.cityofboston.gov/AssessingMap/?find=0105401000",
		"RecInitUsr" : "PBCOTE",
		"RecInitDt" : "20210809",
		"fme_feature_type" : "bos3d_models",
		"QA_Flag" : null,
		"QA_Issue" : null,
		"RecModUsr" : "PBCOTE",
		"RecModDt" : "20210809",
		"Centr_X_Ft" : 48954.6984868,
		"Centr_Y_Ft" : 57000.617156
	}
]