[
	{
		"json_featuretype" : "BOS_I_3 3D Model Collection Issued: 20210806",
		"Name" : "2-10 Maverick Square",
		"StructType" : "Building",
		"Project_Id" : 3074,
		"ProjectLnk" : "http://www.bostonplans.org/projects/development-projects/2-10-Maverick-Square",
		"Status" : "Board Approved",
		"Appear_Dt" : null,
		"Appear_Src" : null,
		"Disapp_Dt" : null,
		"Disapp_Src" : null,
		"Editor" : "pbc",
		"Edit_Dt" : "20190814",
		"EditAction" : "Inserted 3ds model frmo UDTG batch",
		"Model_ID" : "BOS_0M1Y7OO",
		"Model_Cred" : "BPDA_UDTG",
		"ModelBatch" : "bpda_20200514\\3D models in 3ds\\June-2019",
		"Model_File" : "2-10-Maverick-Square-EB-2019-PID-3074.3DS",
		"Model_Dt" : "20190601",
		"Model_Note" : null,
		"Model_LOD" : 3,
		"Survey_Dt" : null,
		"Survey_Src" : null,
		"Centr_Lat" : 42.369226341,
		"Centr_Lon" : -71.0399550325,
		"Gnd_El_Ft" : 13.12,
		"Z_Max_Ft" : 88.4999538333,
		"Z_MIn_Ft" : 12.5001058333,
		"Height_Ft" : 75.3799538333,
		"Tile_ID" : "BOS_I_3",
		"Parcel_ID" : "0105657000",
		"Struct_ID" : null,
		"StructUse" : null,
		"GoogleLnk" : "https://www.google.com/maps/search//@42.367226340778394,-71.0399550330876,263a,35y,39.46t/data=!3m1!1e3",
		"NearMapLnk" : "https://apps.nearmap.com/maps/#/@42.3692263407784,-71.0399550330876,21.00z,1d/3D",
		"Struct_Lnk" : null,
		"Parcel_Lnk" : "https://app01.cityofboston.gov/AssessingMap/?find=0105657000",
		"RecInitUsr" : "PBCOTE",
		"RecInitDt" : "20210809",
		"fme_feature_type" : "bos3d_models",
		"QA_Flag" : null,
		"QA_Issue" : null,
		"RecModUsr" : "PBCOTE",
		"RecModDt" : "20210809",
		"Centr_X_Ft" : 49386.0801941,
		"Centr_Y_Ft" : 57007.5685909
	}
]