[
	{
		"json_featuretype" : "BOS_G_2 3D Model Collection Issued: 20210719",
		"StructType" : "Wall",
		"Project_Id" : 0,
		"Status" : "Current",
		"Appear_Src" : "Recorded in 2011 Infotech photogrammetry.",
		"Editor" : "PBCOTE",
		"Edit_Dt" : "20210615",
		"EditAction" : "Enrolled as new model",
		"Model_ID" : "BOS_U2OGAXR",
		"Model_Cred" : "pbcGIS",
		"ModelBatch" : "Walls_Docks_20210614",
		"Model_File" : "Walls_Docks_20210609.gdb",
		"Model_Dt" : "20210614",
		"Model_Note" : "Height established from measured infotech height. Depth established from DTM.  Width from Infotech Wall Type.",
		"Model_LOD" : 1.5,
		"Survey_Dt" : "20110401",
		"Survey_Src" : "Recorded in 2011 photogrammetry by Infotech.",
		"Centr_Lat" : 42.383130502,
		"Centr_Lon" : -71.0788265316,
		"Gnd_El_Ft" : 31.9687894325,
		"Z_Max_Ft" : 38.5138333333,
		"Z_MIn_Ft" : 26.3179915833,
		"Height_Ft" : 6.54504390084,
		"Tile_ID" : "BOS_G_2",
		"Parcel_ID" : "0202062000",
		"GoogleLnk" : "https://www.google.com/maps/search//@42.38113050199,-71.0788265315584,263a,35y,39.46t/data=!3m1!1e3",
		"NearMapLnk" : "https://apps.nearmap.com/maps/#/@42.38313050199,-71.0788265315584,21.00z,1d/3D",
		"Parcel_Lnk" : "https://app01.cityofboston.gov/AssessingMap/?find=0202062000"
	}
]