[
	{
		"json_featuretype" : "BOS_G_2 3D Model Collection Issued: 20210719",
		"StructType" : "Wall",
		"Project_Id" : 0,
		"Status" : "Current",
		"Appear_Src" : "Recorded in 2011 Infotech photogrammetry.",
		"Editor" : "PBCOTE",
		"Edit_Dt" : "20210615",
		"EditAction" : "Enrolled as new model",
		"Model_ID" : "BOS_HAZXOHB",
		"Model_Cred" : "pbcGIS",
		"ModelBatch" : "Walls_Docks_20210614",
		"Model_File" : "Walls_Docks_20210609.gdb",
		"Model_Dt" : "20210614",
		"Model_Note" : "Height established from measured infotech height. Depth established from DTM.  Width from Infotech Wall Type.",
		"Model_LOD" : 1.5,
		"Survey_Dt" : "20110401",
		"Survey_Src" : "Recorded in 2011 photogrammetry by Infotech.",
		"Centr_Lat" : 42.383334852,
		"Centr_Lon" : -71.0787172858,
		"Gnd_El_Ft" : 30.3171679813,
		"Z_Max_Ft" : 32.4633205,
		"Z_MIn_Ft" : 25.80486925,
		"Height_Ft" : 2.14615251871,
		"Tile_ID" : "BOS_G_2",
		"Parcel_ID" : "0202064000",
		"GoogleLnk" : "https://www.google.com/maps/search//@42.3813348519582,-71.0787172858471,263a,35y,39.46t/data=!3m1!1e3",
		"NearMapLnk" : "https://apps.nearmap.com/maps/#/@42.3833348519582,-71.0787172858471,21.00z,1d/3D",
		"Parcel_Lnk" : "https://app01.cityofboston.gov/AssessingMap/?find=0202064000"
	}
]