[
	{
		"json_featuretype" : "BOS_G_2 3D Model Collection Issued: 20210719",
		"Name" : "17 CALDWELL ST",
		"StructType" : "Building",
		"Project_Id" : 0,
		"Status" : "Current",
		"Appear_Dt" : "19780101",
		"Appear_Src" : "Boston Assessor, 2018",
		"Editor" : "pbcGIS",
		"Edit_Dt" : "20170909",
		"EditAction" : "Inserted multipatches based on extruded  Bos3d_Building_Poly",
		"Model_ID" : "BOS_NT13041",
		"Model_Cred" : "Extruded from 2012 Photogrammetric Footprints and DTM by pbcGIS.",
		"ModelBatch" : "GIS Sources",
		"Model_File" : "Bos3dBase.gdb/Bos3d_Buildings_Poly",
		"Model_Dt" : "20170909",
		"Model_LOD" : 1,
		"Survey_Dt" : "20110401",
		"Survey_Src" : "Photogrammetry by Infotech, 2011",
		"Centr_Lat" : 42.3852330047,
		"Centr_Lon" : -71.0779692953,
		"Gnd_El_Ft" : 22.96,
		"Z_Max_Ft" : 39.5000518333,
		"Z_MIn_Ft" : 19.5000918333,
		"Height_Ft" : 16.5400518333,
		"Tile_ID" : "BOS_G_2",
		"Parcel_ID" : "0201887000",
		"GoogleLnk" : "https://www.google.com/maps/search//@42.383233004685295,-71.0779692952518,263a,35y,39.46t/data=!3m1!1e3",
		"NearMapLnk" : "https://apps.nearmap.com/maps/#/@42.3852330046853,-71.0779692952518,21.00z,1d/3D",
		"Parcel_Lnk" : "https://app01.cityofboston.gov/AssessingMap/?find=0201887000"
	}
]