[
	{
		"json_featuretype" : "BOS_I_3 3D Model Collection Issued: 20210806",
		"Name" : "75-85 Liverpool Street",
		"StructType" : "Building",
		"Project_Id" : 2104,
		"ProjectLnk" : "http://www.bostonplans.org/projects/development-projects/75-85-Liverpool-Street",
		"Status" : "Board Approved",
		"Appear_Dt" : null,
		"Appear_Src" : null,
		"Disapp_Dt" : null,
		"Disapp_Src" : null,
		"Editor" : "pbcGIS",
		"Edit_Dt" : "20180723",
		"EditAction" : "Appended from Pipeline",
		"Model_ID" : "BOS_7X6JG20",
		"Model_Cred" : "BPDA Urban Design Technology Group",
		"ModelBatch" : "bpda_20180625",
		"Model_File" : "75-85-Liverpool-St-EB-2017",
		"Model_Dt" : "20180625",
		"Model_Note" : "THis model superceeds an earlier UDTG Model",
		"Model_LOD" : 3,
		"Survey_Dt" : "18991230",
		"Survey_Src" : "Hand-made from drawings",
		"Centr_Lat" : 42.3718615148,
		"Centr_Lon" : -71.0409533082,
		"Gnd_El_Ft" : 6.56,
		"Z_Max_Ft" : 65.4999998333,
		"Z_MIn_Ft" : 7.50011583333,
		"Height_Ft" : 58.9399998333,
		"Tile_ID" : "BOS_I_3",
		"Parcel_ID" : "0105565000",
		"Struct_ID" : null,
		"StructUse" : null,
		"GoogleLnk" : "https://www.google.com/maps/search//@42.369861514810395,-71.0409533088154,263a,35y,39.46t/data=!3m1!1e3",
		"NearMapLnk" : "https://apps.nearmap.com/maps/#/@42.3718615148104,-71.0409533088154,21.00z,1d/3D",
		"Struct_Lnk" : null,
		"Parcel_Lnk" : "https://app01.cityofboston.gov/AssessingMap/?find=0105565000",
		"RecInitUsr" : "PBCOTE",
		"RecInitDt" : "20210809",
		"fme_feature_type" : "bos3d_models",
		"QA_Flag" : null,
		"QA_Issue" : null,
		"RecModUsr" : "PBCOTE",
		"RecModDt" : "20210809",
		"Centr_X_Ft" : 49111.1477727,
		"Centr_Y_Ft" : 57966.4249517
	}
]