[
	{
		"json_featuretype" : "BOS_I_3 3D Model Collection Issued: 20210806",
		"Name" : "Boston East",
		"StructType" : "Building",
		"Project_Id" : 1284,
		"ProjectLnk" : "http://www.bostonplans.org/projects/development-projects/Boston-East",
		"Status" : "Current",
		"Appear_Dt" : "20130716",
		"Appear_Src" : "BPDA Board Approved",
		"Disapp_Dt" : null,
		"Disapp_Src" : null,
		"Editor" : "pbcGIS",
		"Edit_Dt" : "20190903",
		"EditAction" : "a*0 Status updated.  No consequences for model status.",
		"Model_ID" : "BOS_9BQUG6G",
		"Model_Cred" : "BPDA Urban Design Technology Group",
		"ModelBatch" : "bpda_20170801\\3DNewBuildingin3ds",
		"Model_File" : "Boston-East-EB",
		"Model_Dt" : "20170809",
		"Model_Note" : null,
		"Model_LOD" : 3,
		"Survey_Dt" : "20130716",
		"Survey_Src" : "Modeled from drawings",
		"Centr_Lat" : 42.3733495354,
		"Centr_Lon" : -71.0413642087,
		"Gnd_El_Ft" : 3.28,
		"Z_Max_Ft" : 89.9999508333,
		"Z_MIn_Ft" : 6.50011783333,
		"Height_Ft" : 86.7199508333,
		"Tile_ID" : "BOS_I_3",
		"Parcel_ID" : "0105413010",
		"Struct_ID" : null,
		"StructUse" : null,
		"GoogleLnk" : "https://www.google.com/maps/search//@42.371349532816595,-71.0413642136055,263a,35y,39.46t/data=!3m1!1e3",
		"NearMapLnk" : "https://apps.nearmap.com/maps/#/@42.3733495328166,-71.0413642136055,21.00z,1d/3D",
		"Struct_Lnk" : null,
		"Parcel_Lnk" : "https://app01.cityofboston.gov/AssessingMap/?find=0105413010",
		"RecInitUsr" : "PBCOTE",
		"RecInitDt" : "20210809",
		"fme_feature_type" : "bos3d_models",
		"QA_Flag" : null,
		"QA_Issue" : null,
		"RecModUsr" : "PBCOTE",
		"RecModDt" : "20210809",
		"Centr_X_Ft" : 48997.1975539,
		"Centr_Y_Ft" : 58508.0915337
	}
]