[
	{
		"json_featuretype" : "BOS_I_3 3D Model Collection Issued: 20210806",
		"Name" : "248 Meridian Street",
		"StructType" : "Building",
		"Project_Id" : 1330,
		"ProjectLnk" : "http://www.bostonplans.org/projects/development-projects/248-Meridian-Street",
		"Status" : "Current",
		"Appear_Dt" : "20160926",
		"Appear_Src" : "Nearmap 9/26/2016",
		"Disapp_Dt" : null,
		"Disapp_Src" : null,
		"Editor" : "PBCOTE",
		"Edit_Dt" : "20210804",
		"EditAction" : "Enrolled as New Model",
		"Model_ID" : "BOS_BHLAV4S",
		"Model_Cred" : "BPDA Urban Design Technology Group",
		"ModelBatch" : "demo20210215",
		"Model_File" : "248_Meridian_Street.obj",
		"Model_Dt" : "20200911",
		"Model_Note" : null,
		"Model_LOD" : 3,
		"Survey_Dt" : null,
		"Survey_Src" : "Handmade from drawings",
		"Centr_Lat" : 42.3761576308,
		"Centr_Lon" : -71.0394946517,
		"Gnd_El_Ft" : 13.12,
		"Z_Max_Ft" : 90.9999488333,
		"Z_MIn_Ft" : 14.0001028333,
		"Height_Ft" : 77.8799488333,
		"Tile_ID" : "BOS_I_3",
		"Parcel_ID" : "0105937000",
		"Struct_ID" : null,
		"StructUse" : null,
		"GoogleLnk" : "https://www.google.com/maps/search//@42.3741576313116,-71.0394946529066,263a,35y,39.46t/data=!3m1!1e3",
		"NearMapLnk" : "https://apps.nearmap.com/maps/#/@42.3761576313116,-71.0394946529066,21.00z,1d/3D",
		"Struct_Lnk" : null,
		"Parcel_Lnk" : "https://app01.cityofboston.gov/AssessingMap/?find=0105937000",
		"RecInitUsr" : "PBCOTE",
		"RecInitDt" : "20210809",
		"fme_feature_type" : "bos3d_models",
		"QA_Flag" : null,
		"QA_Issue" : null,
		"RecModUsr" : "PBCOTE",
		"RecModDt" : "20210809",
		"Centr_X_Ft" : 49496.8518296,
		"Centr_Y_Ft" : 59534.1407439
	}
]