[
	{
		"json_featuretype" : "BOS_I_3 3D Model Collection Issued: 20210806",
		"Name" : "Charlestown Police Station",
		"StructType" : "Building",
		"Project_Id" : 155,
		"ProjectLnk" : null,
		"Status" : "Current",
		"Appear_Dt" : "20170824",
		"Appear_Src" : "UDTG Model",
		"Disapp_Dt" : null,
		"Disapp_Src" : null,
		"Editor" : "pbcGIS",
		"Edit_Dt" : "20170824",
		"EditAction" : "Added model from UDTG",
		"Model_ID" : "BOS_GRMDG0K",
		"Model_Cred" : "BPDA Urban Design Technology Group",
		"ModelBatch" : "bpda_20170801\\3DNewBuildingin3ds",
		"Model_File" : "Police-Station-Charlestown",
		"Model_Dt" : "20170809",
		"Model_Note" : null,
		"Model_LOD" : 3,
		"Survey_Dt" : null,
		"Survey_Src" : "Modeled from drawings",
		"Centr_Lat" : 42.3763794376,
		"Centr_Lon" : -71.0561350636,
		"Gnd_El_Ft" : 9.84,
		"Z_Max_Ft" : 46.0000388333,
		"Z_MIn_Ft" : 8.00011483334,
		"Height_Ft" : 36.1600388333,
		"Tile_ID" : "BOS_I_3",
		"Parcel_ID" : "0202644020",
		"Struct_ID" : null,
		"StructUse" : null,
		"GoogleLnk" : "https://www.google.com/maps/search//@42.374379437771594,-71.0561350642955,263a,35y,39.46t/data=!3m1!1e3",
		"NearMapLnk" : "https://apps.nearmap.com/maps/#/@42.3763794377716,-71.0561350642955,21.00z,1d/3D",
		"Struct_Lnk" : null,
		"Parcel_Lnk" : "https://app01.cityofboston.gov/AssessingMap/?find=0202644020",
		"RecInitUsr" : "PBCOTE",
		"RecInitDt" : "20210809",
		"fme_feature_type" : "bos3d_models",
		"QA_Flag" : null,
		"QA_Issue" : null,
		"RecModUsr" : "PBCOTE",
		"RecModDt" : "20210809",
		"Centr_X_Ft" : 45000.1810389,
		"Centr_Y_Ft" : 59591.135465
	}
]