[
	{
		"json_featuretype" : "BOS_I_3 3D Model Collection Issued: 20210806",
		"Name" : "6-26 New Street NPC",
		"StructType" : "Building",
		"Project_Id" : 3352,
		"ProjectLnk" : "http://www.bostonplans.org/projects/development-projects/6-26-New-Street-NPC",
		"Status" : "Construction Complete",
		"Appear_Dt" : "20150518",
		"Appear_Src" : "Nearmap",
		"Disapp_Dt" : null,
		"Disapp_Src" : null,
		"Editor" : "pbc",
		"Edit_Dt" : "20210805",
		"EditAction" : "Updated Status",
		"Model_ID" : "BOS_0BIQXLJ",
		"Model_Cred" : "BPDA Urban Design Technology Group",
		"ModelBatch" : "bpda_20170801\\3DNewBuildingin3ds",
		"Model_File" : "New-Street-Development-EB",
		"Model_Dt" : "20170809",
		"Model_Note" : null,
		"Model_LOD" : 3,
		"Survey_Dt" : "20100518",
		"Survey_Src" : "Modeled from drawings",
		"Centr_Lat" : 42.3712716499,
		"Centr_Lon" : -71.0439920482,
		"Gnd_El_Ft" : 9.84,
		"Z_Max_Ft" : 203.500051917,
		"Z_MIn_Ft" : 6.50011783333,
		"Height_Ft" : 193.660051917,
		"Tile_ID" : "BOS_I_3",
		"Parcel_ID" : "0105410000",
		"Struct_ID" : null,
		"StructUse" : "Mixed use (res and comm)",
		"GoogleLnk" : "https://www.google.com/maps/search//@42.369271649548196,-71.0439920484009,263a,35y,39.46t/data=!3m1!1e3",
		"NearMapLnk" : "https://apps.nearmap.com/maps/#/@42.3712716495482,-71.0439920484009,21.00z,1d/3D",
		"Struct_Lnk" : null,
		"Parcel_Lnk" : "https://app01.cityofboston.gov/AssessingMap/?find=0105410000",
		"RecInitUsr" : "PBCOTE",
		"RecInitDt" : "20210809",
		"fme_feature_type" : "bos3d_models",
		"QA_Flag" : null,
		"QA_Issue" : null,
		"RecModUsr" : "PBCOTE",
		"RecModDt" : "20210809",
		"Centr_X_Ft" : 48291.1717942,
		"Centr_Y_Ft" : 57747.0617615
	}
]