[
	{
		"json_featuretype" : "BOS_I_3 3D Model Collection Issued: 20210806",
		"Name" : "284 286 MERIDIAN ST",
		"StructType" : "Building",
		"Project_Id" : 0,
		"ProjectLnk" : null,
		"Status" : "Current",
		"Appear_Dt" : "18990101",
		"Appear_Src" : "Boston Assessor, 2018",
		"Disapp_Dt" : null,
		"Disapp_Src" : null,
		"Editor" : "pbcGIS",
		"Edit_Dt" : "20170909",
		"EditAction" : "Inserted multipatches based on extruded  Bos3d_Building_Poly",
		"Model_ID" : "BOS_9NUNAOG",
		"Model_Cred" : "Extruded from 2012 Photogrammetric Footprints and DTM by pbcGIS.",
		"ModelBatch" : "GIS Sources",
		"Model_File" : "Bos3dBase.gdb/Bos3d_Buildings_Poly",
		"Model_Dt" : "20170909",
		"Model_Note" : null,
		"Model_LOD" : 1,
		"Survey_Dt" : "20110401",
		"Survey_Src" : "Photogrammetry by Infotech, 2011",
		"Centr_Lat" : 42.3766620256,
		"Centr_Lon" : -71.039377069,
		"Gnd_El_Ft" : 18.5802665156,
		"Z_Max_Ft" : 67.4999958333,
		"Z_MIn_Ft" : 26.0000788333,
		"Height_Ft" : 48.9197293177,
		"Tile_ID" : "BOS_I_3",
		"Parcel_ID" : "0105934000",
		"Struct_ID" : null,
		"StructUse" : null,
		"GoogleLnk" : "https://www.google.com/maps/search//@42.3746620260157,-71.0393770690529,263a,35y,39.46t/data=!3m1!1e3",
		"NearMapLnk" : "https://apps.nearmap.com/maps/#/@42.3766620260157,-71.0393770690529,21.00z,1d/3D",
		"Struct_Lnk" : null,
		"Parcel_Lnk" : "https://app01.cityofboston.gov/AssessingMap/?find=0105934000",
		"RecInitUsr" : "PBCOTE",
		"RecInitDt" : "20210809",
		"fme_feature_type" : "bos3d_models",
		"QA_Flag" : null,
		"QA_Issue" : null,
		"RecModUsr" : "PBCOTE",
		"RecModDt" : "20210809",
		"Centr_X_Ft" : 49527.6300096,
		"Centr_Y_Ft" : 59718.1241077
	}
]