[
	{
		"json_featuretype" : "BOS_G_2 3D Model Collection Issued: 20210719",
		"Name" : "80 70 ALFORD ST",
		"StructType" : "Building",
		"Project_Id" : 0,
		"Status" : "Current",
		"Editor" : "pbcGIS",
		"Edit_Dt" : "20170909",
		"EditAction" : "Inserted multipatches based on extruded  Bos3d_Building_Poly",
		"Model_ID" : "BOS_6UR11H8",
		"Model_Cred" : "Extruded from 2012 Photogrammetric Footprints and DTM by pbcGIS.",
		"ModelBatch" : "GIS Sources",
		"Model_File" : "Bos3dBase.gdb/Bos3d_Buildings_Poly",
		"Model_Dt" : "20170909",
		"Model_LOD" : 1,
		"Survey_Dt" : "20110401",
		"Survey_Src" : "Photogrammetry by Infotech, 2011",
		"Centr_Lat" : 42.389578401,
		"Centr_Lon" : -71.0747701999,
		"Gnd_El_Ft" : 13.12,
		"Z_Max_Ft" : 33.0000648333,
		"Z_MIn_Ft" : 6.50011783333,
		"Height_Ft" : 19.8800648333,
		"Tile_ID" : "BOS_G_2",
		"Parcel_ID" : "0201836000",
		"GoogleLnk" : "https://www.google.com/maps/search//@42.387578401015396,-71.0747701998565,263a,35y,39.46t/data=!3m1!1e3",
		"NearMapLnk" : "https://apps.nearmap.com/maps/#/@42.3895784010154,-71.0747701998565,21.00z,1d/3D",
		"Parcel_Lnk" : "https://app01.cityofboston.gov/AssessingMap/?find=0201836000"
	}
]